,lat,lon
0,48.8811783630242,2.28361460804163
1,48.8505733394587,2.27128327378664
2,48.850335347427,2.30706118852739
3,48.8253300922415,2.31420786988117
4,48.8779246022903,2.30512966219949
5,48.8274687283222,2.32603543208458
6,48.884529,2.330554
7,48.8424353391054,2.41140213402221
8,48.8427483288412,2.35434748965016
9,48.8304777194016,2.32330419644927
10,48.8467905941656,2.37261428805676
11,48.8545750708473,2.31984367753344
12,48.8579539970253,2.27244683245233
13,48.847869,2.302109
14,48.8881908805275,2.29362855933387
15,48.8557964689848,2.26473397803856
16,48.8401217380883,2.40022253523657
17,48.8392015898784,2.33034948898589
18,48.8625886471593,2.3780853980782
19,48.886727,2.317172
20,48.899059,2.370409
21,48.8512467627181,2.30681511283761
22,48.8440981533209,2.27505495399312
23,48.86189715474,2.30137350736449
24,48.859869,2.340413
25,48.85949001088,2.3406234755633
26,48.8537804643792,2.33368508093305
27,48.8385124883756,2.31447552073683
28,48.8515641774541,2.2742078803184
29,48.823636719498,2.32240010357024
30,48.879285,2.366592
31,48.8802697790832,2.39876156415591
32,48.8854248957305,2.30294156938756
33,48.8944799662569,2.38133269938915
34,48.8815297777394,2.33145837142597
35,48.8810475947907,2.30380616525235
36,48.8310183518974,2.32385740649721
37,48.8658552666798,2.27573015472446
38,48.8495773237712,2.36986510793069
39,48.8533947317862,2.3098918025148
40,48.8400621391659,2.33468937492073
41,48.8373347460332,2.27974496256184
42,48.8824337060229,2.32087997633195
43,48.8522620007405,2.38887062497433
44,48.8761428080711,2.28894332649463
45,48.881632,2.381083
46,48.8741312129944,2.28974717018509
47,48.8990534403959,2.37806151443159
48,48.8454568345189,2.41104532983342
49,48.8429857627714,2.38332097572208
50,48.8381456454511,2.26301981250797
51,48.8523221560396,2.32628002888541
52,48.877328,2.342087
53,48.8457801991123,2.39331729225876
54,48.88625068983,2.2854603980575
55,48.850041751143,2.32936410015751
56,48.8637286798369,2.38339745348687
57,48.8641895819435,2.34197014883741
58,48.8469342865285,2.26987550814799
59,48.890380954172,2.32888226331018
60,48.8781316548755,2.35121192177938
61,48.8641886870523,2.3343235485849
62,48.8721908885802,2.30894108509886
63,48.8773582332114,2.30067525752466
64,48.8900515087191,2.34017648312766
65,48.8606017976396,2.35732377207852
66,48.880761907991,2.32691138461263
67,48.8720975574092,2.32575297388574
68,48.8467142961339,2.37972979193841
69,48.8791076005275,2.32296388008782
70,48.861154452371,2.32038748120126
71,48.856171,2.327077
72,48.8729687273618,2.34278727299853
73,48.8634414985993,2.2962266736085
74,48.8690336899499,2.33442772561649
75,48.833972,2.283624
76,48.851521,2.269205
77,48.8663265511897,2.30163895555073
78,48.8504118768416,2.30194228514703
79,48.890636821744,2.38243081072194
80,48.8708597307779,2.32322983939545
81,48.8401290947586,2.31490419354271
82,48.8714508554493,2.28472553184335
83,48.864828040489,2.2931858500392
84,48.8634854924794,2.36916300041599
85,48.8763310702039,2.31082338637112
86,48.8437574886167,2.35365552675822
87,48.8810190586666,2.30898988445667
88,48.8413735153293,2.40499052210018
89,48.8567658053863,2.32446605982121
90,48.8771582222068,2.32292102112759
91,48.8653409043098,2.28299434082148
92,48.8807120589257,2.36011842525172
93,48.8496871348884,2.34796196760458
94,48.8642571336814,2.30005515984198
95,48.868973,2.372547
96,48.8504779805429,2.39937534757293
97,48.8337395047674,2.39503398644457
98,48.8569796156214,2.36722166940259
99,48.8675551653263,2.37584412703651
100,48.8700341000224,2.37606234228509
101,48.836813,2.295996
102,48.8650645560799,2.29031095873688
103,48.858769,2.351874
104,48.8375466045766,2.29099966814872
105,48.8324761939402,2.27875254684399
106,48.8727858533177,2.30985598892739
107,48.841274,2.386001
108,48.8511819101726,2.3821461016159
109,48.8319617288835,2.36514530685032
110,48.896626,2.327038
111,48.8268641202356,2.30689660808436
112,48.8409755399185,2.35476695039022
113,48.8673814271897,2.40755700755397
114,48.8653221521798,2.32967439085808
115,48.8290955511976,2.32611941101146
116,48.8590206449398,2.35548814368471
117,48.8546824804505,2.34082317520368
118,48.8928413381081,2.34358442447657
119,48.858144469077,2.39181951961784
120,48.8602268407683,2.38219357295886
121,48.8533739232068,2.29391864931874
122,48.821960135617,2.33030763611589
123,48.8610946647891,2.26684932470172
124,48.8560768488948,2.35915244893684
125,48.8365289092635,2.32579768473051
126,48.8349590687826,2.37376932271638
127,48.8489543999146,2.29107113123335
128,48.8376888941719,2.29754611891384
129,48.865046820705,2.30982250428688
130,48.829462,2.38293
131,48.8558711542949,2.35423424969554
132,48.8845324342079,2.3687483279417
133,48.8485979517685,2.28912309678457
134,48.8707278222905,2.28816904059416
135,48.8555326235498,2.38192006849756
136,48.849399146228,2.39006543080263
137,48.8373607064501,2.25950621919082
138,48.8459124501593,2.37781868714952
139,48.8453523241665,2.28237657079484
140,48.8483609828643,2.33261453882699
141,48.8244803707299,2.3488308604657
142,48.8687857089937,2.38959048970157
143,48.8476063636508,2.29423178877602
144,48.8508829086921,2.26700411533883
145,48.8274158605425,2.3542978100677
146,48.8461782243418,2.32986502646774
147,48.828002514134,2.3844930736224
148,48.853385951805,2.29599350858
149,48.8286866563444,2.36974977372831
150,48.8200891992717,2.3554439992654
151,48.8299347812111,2.3671137644307
152,48.8399151222323,2.39645145489023
153,48.8731628138306,2.28352590076974
154,48.8469451219894,2.34187371881486
155,48.8894753588408,2.34605031846408
156,48.838489864862,2.30010916394295
157,48.8485356979703,2.30887539530061
158,48.8460124123289,2.32372842368941
159,48.8620787173622,2.28183646883603
160,48.8758668474177,2.30935119107833
161,48.8480525932653,2.40410940448493
162,48.8565820189601,2.2819069624799
163,48.852229,2.332034
164,48.8622089093554,2.30548519077071
165,48.876479,2.379643
166,48.8669924688148,2.30157627278394
167,48.8209723732468,2.37534224833622
168,48.8334867616086,2.37025598264481
169,48.8196347323164,2.35527176569323
170,48.8801662721489,2.30230702593934
171,48.8770758020509,2.31328127979673
172,48.8706742085043,2.31960590130357
173,48.863051447062,2.33932964832479
174,48.8242863537478,2.32334662983503
175,48.8770039738688,2.33118164620487
176,48.8493285763095,2.36635816060747
177,48.8351756737539,2.30572730426538
178,48.8461877876517,2.27221729730438
179,48.8648033302303,2.3738208882886
180,48.8361784487316,2.35336323541398
181,48.8559363253412,2.26909305281407
182,48.8582773005289,2.38207672184472
183,48.880464628579,2.34963453098106
184,48.8586663926085,2.38951042929248
185,48.850689327761,2.34256222490844
186,48.8769073884517,2.31944844410461
187,48.8677184372518,2.33762278917842
188,48.8387119790654,2.3964084928371
189,48.8787490428575,2.41038601224514
190,48.8920703829905,2.37241646120906
191,48.8301191826441,2.36209481727545
192,48.8204354529384,2.34272330429998
193,48.865821,2.326034
194,48.8753946346861,2.35904752901588
195,48.8673052158937,2.35437639931436
196,48.8518917249045,2.28882448418813
197,48.8663235075279,2.39113894044377
198,48.8715011773907,2.27924437760714
199,48.8639677056198,2.37210555474294
200,48.839592,2.323334
201,48.8414753288825,2.34818295848832
202,48.838322500089,2.35362203137224
203,48.869753628618,2.32584762693876
204,48.869012,2.329488
205,48.8415104599667,2.32729003591947
206,48.8904832605726,2.33557541914413
207,48.8621261359449,2.2830225104756
208,48.8255958375106,2.31890909719612
209,48.8620683805331,2.4014411013488
210,48.8394052783256,2.28723942847881
211,48.8568311209836,2.28074871218146
212,48.8307858451067,2.39914095346442
213,48.8361442820156,2.25633256310674
214,48.8728035212982,2.37621378790982
215,48.8535142570614,2.3144789740849
216,48.8544051506558,2.31898387704931
217,48.8868712833902,2.33927649360741
218,48.8362202646033,2.2609013471199
219,48.8222073262263,2.34963755770692
220,48.8558971973257,2.27754650173433
221,48.8747510341897,2.34742436248682
222,48.8558223112841,2.36926370792092
223,48.8289798640197,2.33221245238102
224,48.8467398645788,2.31004275477595
225,48.8861566699753,2.33631338635386
226,48.8425228665459,2.25266803400273
227,48.8510036554397,2.34593289065244
228,48.8623712339478,2.36363575257048
229,48.8799750560429,2.30451779636484
230,48.8541218441729,2.33553249544916
231,48.8696049645791,2.33928860283551
232,48.8749207958819,2.3762748020156
233,48.88847109131,2.2973493832552
234,48.8762823195304,2.31281900486163
235,48.8779753569673,2.29149691076539
236,48.878433,2.357754
237,48.8765905667628,2.36746101490494
238,48.8429682418991,2.30685817416959
239,48.8586946800497,2.32862970466023
240,48.8608994588556,2.36123766915371
241,48.8439856581417,2.38724000027849
242,48.8834187667523,2.30593437681644
243,48.846720893782,2.37315827729664
244,48.837161,2.274492
245,48.824806759157,2.31354152173747
246,48.8515241461912,2.34774203862302
247,48.827004622244,2.29300529941201
248,48.8514910185633,2.33187653844678
249,48.899585725434,2.37982066866921
250,48.8353541644371,2.39297499276985
251,48.8586328263747,2.34922695757508
252,48.8785189249393,2.30102068899415
253,48.8636797889508,2.35994099255148
254,48.8294926904484,2.34574466672072
255,48.8466622575847,2.288937009633
256,48.8310054324762,2.34442264901023
257,48.822648615554,2.34674574223272
258,48.886920104348,2.30837390685024
259,48.8863766108636,2.34798250395444
260,48.8304231472381,2.34570958557659
261,48.8855470791098,2.29372821165813
262,48.891309570188,2.36883079204173
263,48.8251990610003,2.36075600780752
264,48.8715799991885,2.40889104627898
265,48.8815019776122,2.35388830288908
266,48.884066914159,2.31838271921689
267,48.8557187496307,2.40863761640429
268,48.8528280735757,2.32369940675328
269,48.8288281527553,2.37254246566878
270,48.8313462501904,2.29271222253514
271,48.8565282124152,2.40522919757084
272,48.8385881599981,2.28168920193121
273,48.849780863736,2.29510675328969
274,48.8391960746093,2.38051507950966
275,48.8627521110537,2.36470424962287
276,48.87503,2.355867
277,48.8606126614293,2.36716866876803
278,48.8859172767089,2.29962148009611
279,48.8810040067716,2.31531388500207
280,48.83876335324,2.40417670870292
281,48.8648049151903,2.28836497615029
282,48.8669869423084,2.37335989848424
283,48.8452035870899,2.25876467098394
284,48.8616224364661,2.34169232454479
285,48.8384636985567,2.34064666410795
286,48.8311309815997,2.37412364716157
287,48.8745577982627,2.30340593461559
288,48.8433122799612,2.33757432727416
289,48.853914960875,2.30935164716084
290,48.8362478643072,2.39888025107757
291,48.8590465109678,2.28697059315982
292,48.8706769507124,2.33287305530944
293,48.8715264855511,2.33780360253627
294,48.836916,2.373023
295,48.8644807009143,2.27003942122814
296,48.860423691512,2.27203733584096
297,48.8508301300711,2.37703643617304
298,48.8651570731331,2.35581346465721
299,48.8698165383523,2.36356354801592
300,48.8842778784983,2.34854852342679
301,48.87226176018,2.32857898180514
302,48.885672,2.319912
303,48.88631912917,2.32813301844159
304,48.865504,2.363936
305,48.8442200407971,2.32042779600363
306,48.8785829008859,2.35042600243748
307,48.8689866371105,2.33339022892803
308,48.8521591776358,2.34072762525282
309,48.877838024767,2.30156806736641
310,48.8413597548044,2.35456564101298
311,48.884981034905,2.30852128420036
312,48.881035,2.371768
313,48.872454,2.333488
314,48.822692,2.364532
315,48.8401865082843,2.34832443439172
316,48.851168412848,2.36651692532189
317,48.8568268549481,2.33023104734681
318,48.8548275507663,2.32613217208385
319,48.8770402510836,2.31116630313275
320,48.8699341780688,2.33391979557506
321,48.8818197031947,2.29381040864018
322,48.8490161640848,2.27403379420077
323,48.8944646530076,2.35147655530541
324,48.8749492139934,2.41279023240593
325,48.8307774516285,2.37999463895431
326,48.8744143719464,2.36187591048467
327,48.8879487825184,2.33972083978531
328,48.8564033260076,2.30576087823964
329,48.8697340888621,2.36089340993199
330,48.8382991654133,2.41223837401084
331,48.8863794278693,2.36941977923599
332,48.8411065511042,2.40249633890324
333,48.8515571328465,2.33925582261942
334,48.8705682435669,2.34433151061514
335,48.8739688523342,2.41305181557962
336,48.8374179677865,2.30613208719886
337,48.84628,2.376138
338,48.8279340088181,2.36953354213794
339,48.845427,2.356039
340,48.873247,2.30007
341,48.856074228815,2.36125477145536
342,48.8780185646217,2.34091815208957
343,48.8764497132991,2.34675922273531
344,48.847010380581,2.37406067945136
345,48.8727987956794,2.3079421542122
346,48.8676602901927,2.3425953996084
347,48.8428252274131,2.29884263843895
348,48.8474417674394,2.3083979344348
349,48.8678560742673,2.33697542587538
350,48.8204425779991,2.34164249901917
351,48.8547551812561,2.33299384861994
352,48.8378741693615,2.35235401282409
353,48.8508292188602,2.28764873086528
354,48.8791788429824,2.37442539782053
355,48.846567473855,2.32083006991642
356,48.8758757490478,2.40264563314466
357,48.896093704331,2.37908574818442
358,48.8592350230854,2.30529209913108
359,48.8344890911819,2.33354525278504
360,48.8957877453302,2.33974733533816
361,48.8881803847778,2.32119042353296
362,48.867654,2.346073
363,48.8610972709479,2.31069058447228
364,48.829564,2.364853
365,48.8467923364966,2.41001672195811
366,48.8424222992277,2.29424306166123
367,48.8912086304321,2.34140833851889
368,48.8428804858898,2.26900450602564
369,48.8478584069577,2.39086924765695
370,48.8655477534459,2.27922769320752
371,48.8525584478448,2.40779087701176
372,48.8396001146106,2.35130329190349
373,48.8591160779499,2.30474273428962
374,48.8485488652171,2.26047678893158
375,48.8203982263944,2.36528944449787
376,48.8664291569779,2.28009649783305
377,48.8863201785157,2.39276773789108
378,48.8359776465518,2.35895416181228
379,48.8509324461412,2.39607477104653
380,48.8314298074407,2.34290539996965
381,48.8751680973225,2.36396853042646
382,48.8855392037461,2.29876452062023
383,48.8610975102345,2.30957482250996
384,48.8660712293353,2.30746935828188
385,48.8566485356804,2.30894368033091
386,48.851659,2.301335
387,48.853931,2.304601
388,48.8659504533131,2.30145426465058
389,48.864954167556,2.28661744413437
390,48.8370662892781,2.34999198681341
391,48.8550472103737,2.39337991425249
392,48.890526035814,2.29832922674339
393,48.8706793296189,2.35867414425184
394,48.8505313534771,2.29413761558782
395,48.845012695784,2.27707709127486
396,48.846678,2.308577
397,48.8763552385383,2.37433327321272
398,48.8936812237733,2.33911024161739
399,48.844697,2.356672
400,48.86897,2.388029
401,48.867808,2.332443
402,48.8553092872497,2.28236363068907
403,48.8795351378867,2.35199982374366
404,48.8778230177545,2.31658528832009
405,48.8707929521601,2.3212884099992
406,48.8243237108033,2.31639142122227
407,48.8320968482063,2.37033761226834
408,48.8800371763663,2.3754875673981
409,48.8963878054053,2.34347681223058
410,48.8625838026039,2.40331128092603
411,48.8594467947594,2.27460485535184
412,48.8951971101105,2.33279302982558
413,48.8772447312395,2.33989436359094
414,48.8478659027661,2.30760813099031
415,48.8737960113135,2.3215543435978
416,48.8463020710937,2.3412863615598
417,48.8875209052122,2.35351121439801
418,48.8354644607412,2.32287702585769
419,48.8821649014371,2.33218257056236
420,48.8800866183755,2.33053624261075
421,48.8317270283877,2.37675803699409
422,48.8456318009261,2.28059997666923
423,48.8419549172527,2.34035785841385
424,48.8534029635785,2.29133525235461
425,48.8839929307005,2.34446650821195
426,48.8449089745406,2.34874005304208
427,48.8932718886699,2.34706908364014
428,48.8678049187395,2.37275938415326
429,48.8433304291905,2.28746759518999
430,48.8937733086041,2.37309630169506
431,48.8666907631442,2.37638564241947
432,48.8933472583704,2.34904729702931
433,48.8934217819809,2.3234023679928
434,48.823491,2.355326
435,48.8807738726634,2.37004076310051
436,48.842917641456,2.41449248870778
437,48.822157,2.314769
438,48.8475096679729,2.34381496352179
439,48.8485915478453,2.2999432185308
440,48.8844419388228,2.29662329869521
441,48.8299398908425,2.30349337646316
442,48.886472428434,2.38152784946396
443,48.8633710997441,2.27424241675558
444,48.8363125865145,2.30152178237274
445,48.857497833212,2.40393290933933
446,48.8468115566382,2.2921132601519
447,48.8552719930071,2.395452474151
448,48.8655062167925,2.37024960504213
449,48.8907378148144,2.33314043837138
450,48.883185,2.301782
451,48.8218363120021,2.37270849117833
452,48.8995068068106,2.3523150117297
453,48.8641048094151,2.28533617410773
454,48.8462739040149,2.27915342012613
455,48.8358801769468,2.25433216762766
456,48.8614807484733,2.28504539650192
457,48.8490421415358,2.33929205240317
458,48.8843455446203,2.34345638478989
459,48.822923064007,2.32203984746467
460,48.8265862259552,2.32741313427994
461,48.8819872199603,2.35188249671923
462,48.8815503947596,2.31881289554687
463,48.8350723723308,2.289134707869
464,48.8395350969361,2.30709427154108
465,48.8664551640091,2.3077464328009
466,48.892783,2.350415
467,48.867869173307,2.39244966549637
468,48.890676432197,2.33066032332648
469,48.8900544122962,2.34017966912384
470,48.867438269202,2.34061058083134
471,48.8777121376007,2.31545985151155
472,48.8353588682753,2.39765906392774
473,48.8522858164685,2.29658797698967
474,48.8804062362109,2.32488629709759
475,48.8477682260042,2.35148184999793
476,48.8856389451056,2.35289164826652
477,48.8804197794036,2.36202186566703
478,48.8688580950994,2.2758300712575
479,48.8664609903701,2.33139804384444
480,48.852431,2.346515
481,48.8365729580432,2.32011847443068
482,48.8305238642372,2.30400285428187
483,48.8457943230862,2.34139543617636
484,48.8836299793734,2.35119523294013
485,48.851699,2.266276
486,48.8734054903573,2.37795824785698
487,48.8921777678894,2.34303611912591
488,48.8916643363537,2.3037494793314
489,48.8425428502548,2.33482415252118
490,48.869185,2.335627
491,48.8597947887152,2.37005736513347
492,48.8526403785094,2.26542250025247
493,48.8595089560439,2.3826502955577
494,48.8903024365662,2.34858778980251
495,48.8474434791024,2.34679688877859
496,48.8685893414339,2.28722025817231
497,48.842441230185,2.40845838997182
498,48.8953958180999,2.33779302394539
499,48.864279,2.364766
500,48.8454466446499,2.38081908279001
501,48.8611031070763,2.30826127201268
502,48.8647665584684,2.36660710351454
503,48.8618318958846,2.36435721862214
504,48.863533,2.358415
505,48.8576898343837,2.39185142788252
506,48.8318648691663,2.34132381511111
507,48.830241588551,2.36454118077212
508,48.861856100928,2.34058430631895
509,48.8911540659263,2.32875320222084
510,48.886729,2.313176
511,48.8947653657125,2.34935933981919
512,48.8673035754042,2.27961194520647
513,48.833816269792,2.34349092723946
514,48.855921,2.394973
515,48.8430792589767,2.38415983945683
516,48.834611279671,2.32135644717458
517,48.8182699670314,2.36341287223555
518,48.8676672387576,2.34093838879161
519,48.8334374246159,2.29605762743868
520,48.8216397565536,2.32175092405565
521,48.8391033925733,2.25468580633132
522,48.8420495865898,2.38955966112291
523,48.8749254323847,2.30019918907603
524,48.830283027439,2.31647882879417
525,48.8523951392251,2.31031338018254
526,48.839564,2.333812
527,48.8569612333094,2.37240956419303
528,48.8525102311455,2.38343438965677
529,48.88312,2.365799
530,48.8684513027059,2.28926689533315
531,48.8499846624074,2.32816005310064
532,48.8530851250895,2.27583899678365
533,48.8664648101153,2.32858294726474
534,48.8788639590251,2.34727064367366
535,48.8342339392641,2.31380993511658
536,48.8657320911719,2.39443206993359
537,48.8384969489285,2.39334582129006
538,48.8583597298358,2.38924470086758
539,48.8812933080666,2.32719996211263
540,48.8517784553021,2.32778824198264
541,48.8365517662531,2.39330384916022
542,48.8776019165833,2.28795571148007
543,48.856471,2.334892
544,48.8670614755168,2.33524452712986
545,48.8651722517359,2.39099974689827
546,48.8733415203975,2.35285564025884
547,48.8317150743633,2.32444168574203
548,48.8727666427194,2.39946196698829
549,48.8259865662757,2.378256205668
550,48.868832,2.325239
551,48.8691437728086,2.40299014718219
552,48.8543035513392,2.35913901989312
553,48.865538,2.368765
554,48.8368287247117,2.35602225697968
555,48.869376,2.337215
556,48.8711317697521,2.33816323472552
557,48.854376,2.356032
558,48.9003625771325,2.33474167614378
559,48.855807,2.383158
560,48.8345564697264,2.29871602965189
561,48.8617011168883,2.37752702783248
562,48.8441586282433,2.29471353414648
563,48.8404198266051,2.39758443601353
564,48.851893,2.335233
565,48.8497466654347,2.37262564020926
566,48.869718017746,2.30073508259463
567,48.8740027952335,2.37987650406186
568,48.8704135702756,2.34072016733023
569,48.8380111095798,2.39918654788256
570,48.8857579508721,2.36850264444569
571,48.8547716702118,2.37822375426454
572,48.8664122327889,2.38369031612204
573,48.8927724281235,2.36953373645418
574,48.8741328247861,2.30753450537293
575,48.8811720451011,2.34985585946886
576,48.8618573809968,2.34057759746233
577,48.8680901413808,2.28128571920341
578,48.8321901982185,2.37185851347609
579,48.8469217014318,2.29418275473839
580,48.8835622265704,2.29501158952822
581,48.8533207145705,2.33416813653418
582,48.8871679647581,2.38073871433623
583,48.8684294026099,2.274571745338
584,48.896854,2.352676
585,48.8977284557208,2.34713286046857
586,48.8618119242889,2.3517006839846
587,48.8324697709692,2.31123321690239
588,48.8289237015019,2.29458426164132
589,48.8766141943955,2.31235149954656
590,48.8312778441508,2.38725366940723
591,48.8347183919412,2.4078277596058
592,48.8411092938121,2.41136102255523
593,48.8714103079437,2.33714051828413
594,48.8412275600791,2.32431448642289
595,48.8190332953929,2.32919767848111
596,48.8579867910516,2.31938919522661
597,48.8503181599511,2.39188039463666
598,48.8390364056684,2.3490404970918
599,48.8845771751339,2.33363395798941
600,48.8341419687328,2.31409831823134
601,48.8640756009759,2.40691279662445
602,48.8562612809095,2.27987380106335
603,48.8394696703781,2.31478521378606
604,48.864603,2.336659
605,48.8746170629622,2.36102978906428
606,48.8814976511093,2.38840183353214
607,48.892265732455,2.33199782668634
608,48.8716651895803,2.38758318477761
609,48.8558260017631,2.38783448913362
610,48.8860891529802,2.37765424599529
611,48.8617876314781,2.36506271197926
612,48.8345487285194,2.36372096438223
613,48.8764971978577,2.34213515504338
614,48.833777085839,2.32751071674278
615,48.8670330007062,2.28774477271953
616,48.871023,2.376637
617,48.8708423574091,2.29956317887977
618,48.8651021322681,2.40723092853906
619,48.8637537365268,2.3746659238307
620,48.8502063378001,2.31798767346814
621,48.8837137218083,2.36063069947292
622,48.8510575842347,2.34159421658336
623,48.8486955841569,2.26364738376619
624,48.8360391965651,2.3468589752946
625,48.8459269867101,2.3708946549748
626,48.895640289556,2.33859274762867
627,48.8702563843475,2.36345334450184
628,48.8278603151963,2.35849951624889
629,48.8683477238273,2.37493379624355
630,48.8280569961565,2.35852081297748
631,48.8349384117682,2.40395428840735
632,48.8296909185217,2.36344072878948
633,48.8559328021827,2.3788984323882
634,48.8306475508775,2.31159633044263
635,48.8861058228817,2.3039081191844
636,48.8335512080124,2.32433991548955
637,48.8620461868948,2.33981987005302
638,48.8413743462071,2.39216318650821
639,48.8714693057853,2.29320839481542
640,48.8599286115532,2.26807537211259
641,48.8599473238122,2.30080142850117
642,48.8663146661428,2.27340741280345
643,48.8905318370233,2.29833696826772
644,48.8553084638758,2.37047626135139
645,48.8422936289202,2.41084336877249
646,48.8474104677184,2.28604822825078
647,48.8576325694526,2.27635250944011
648,48.8461042640627,2.31039971020433
649,48.8243556958462,2.38683631144145
650,48.8495519266098,2.33084710651411
651,48.853412,2.361792
652,48.8923038195325,2.32954981687452
653,48.8824064241072,2.39108539685075
654,48.8834505995811,2.33102767135196
655,48.8275729262883,2.32337698515245
656,48.882217,2.324355
657,48.8675631634866,2.39881121743383
658,48.8363876551623,2.34520096088065
659,48.8751952153496,2.36729642913569
660,48.8419551603324,2.26428641695539
661,48.8917730338454,2.38223697711242
662,48.8561577150165,2.33660023418575
663,48.8647739950325,2.38785182053805
664,48.8761534417238,2.3795589520894
665,48.8658174081121,2.35833184133517
666,48.8448569645643,2.27993973481224
667,48.8740021889742,2.37987651865372
668,48.8552578041553,2.35585789727141
669,48.8584815723559,2.35339049881668
670,48.8470074979527,2.33007635168438
671,48.8477629195768,2.31348127478536
672,48.8699986312593,2.34097284187969
673,48.8473360119357,2.39499195890168
674,48.8489618753362,2.34646825500146
675,48.870751,2.303268
676,48.8693678384161,2.3330732539925
677,48.895467267947,2.3483056576164
678,48.8238274659237,2.3293037121106
679,48.8753802655279,2.3817388005058
680,48.8703738420099,2.34567434199811
681,48.8647997733762,2.3319388329402
682,48.8584002022212,2.30192401040797
683,48.8567718484399,2.40261706925716
684,48.88919663214,2.37848742530901
685,48.833147,2.32484
686,48.8633467449966,2.33512096251729
687,48.868939,2.374395
688,48.8323594429817,2.36259797366648
689,48.828945330694,2.3578297548183
690,48.8711607999372,2.37027464414361
691,48.8479614141103,2.39261864195966
692,48.8321035038935,2.36017871010607
693,48.8828201406124,2.29367380426958
694,48.8753630203445,2.37022673612803
695,48.859442,2.297442
696,48.8505607048253,2.39447045703209
697,48.8710928105842,2.34505208558981
698,48.8716572871106,2.36759611025075
699,48.8351469540261,2.36562718120138
700,48.8827060600486,2.38017860708339
701,48.8631141418185,2.33947542554631
702,48.8922777062164,2.36521913205646
703,48.8476948440345,2.34266233831126
704,48.890167927647,2.29592180963717
705,48.8668265420669,2.3941484816134
706,48.8656087443919,2.33364667525572
707,48.8795990698244,2.34973918037835
708,48.8703906518723,2.33684513484602
709,48.8700329752787,2.33477938296806
710,48.8696891139151,2.33154457302703
711,48.853319226514,2.26656875035417
712,48.8287001888032,2.3506555851383
713,48.8507559439373,2.40078106157385
714,48.8587270465981,2.34603427169175
715,48.8798405428073,2.299125346817
716,48.8932056029509,2.36199539978014
717,48.8725799879024,2.37384811835213
718,48.8739550635929,2.34694463036921
719,48.8477809635422,2.32693312543211
720,48.8414384396119,2.33878019101368
721,48.851723,2.33057
722,48.867367,2.405728
723,48.8451281982301,2.30565017833119
724,48.8607963649388,2.35349952547016
725,48.8888069644549,2.34557819547094
726,48.8719999653644,2.36599255066831
727,48.892568525269,2.3367583665571
728,48.8600940002884,2.36555415000074
729,48.8480166110625,2.39310182150345
730,48.8539293996262,2.33305602831765
731,48.8899106017534,2.37766976787566
732,48.8413398974844,2.2910738250161
733,48.831533,2.309395
734,48.8438987962503,2.38460076504268
735,48.8579294136339,2.30726614378254
736,48.830169,2.310685
737,48.8392679424071,2.26673888416027
738,48.881271,2.370445
739,48.8818757187173,2.29112801879049
740,48.8706746524375,2.37284858608895
741,48.8433362893836,2.38528114555407
742,48.8464647009947,2.39751968302057
743,48.8296411741393,2.33398071118581
744,48.830610814271,2.35240397573543
745,48.840359773525,2.4006868647533
746,48.8406168692446,2.26596376126123
747,48.8681,2.407231
748,48.8584959827373,2.30764244871305
749,48.8638582203112,2.36221930930339
750,48.8311053162214,2.37177686618046
751,48.8622654706966,2.36648927708262
752,48.8656450260265,2.33370250446969
753,48.8488142188466,2.32879756016975
754,48.8794438473111,2.35146252266781
755,48.864281764001,2.36853492085439
756,48.8885412299613,2.39905507090417
757,48.8695105375575,2.33136374609872
758,48.8600615525307,2.37545068261332
759,48.8266782157789,2.33354752568098
760,48.8658326993279,2.37237715725537
761,48.8517376798056,2.32706091438064
762,48.8775127702464,2.3126116157616
763,48.8599976437111,2.36330031517415
764,48.8912836747418,2.36341752349574
765,48.8811572563152,2.35865885064163
766,48.8406932789554,2.35391237606469
767,48.8927255370312,2.33995614394354
768,48.8421848041565,2.34118111115798
769,48.8629354081697,2.36650103810253
770,48.8655644408603,2.3335059918172
771,48.8611071855661,2.38571659965441
772,48.8996958631472,2.34551719922984
773,48.8436303078498,2.35152655193627
774,48.8899266447258,2.38721823106997
775,48.8876346245263,2.34450610638096
776,48.8539799215025,2.36287769288402
777,48.867664708791,2.34258940305482
778,48.8847559806304,2.38115296931951
779,48.8495991574024,2.32470965083777
780,48.8322082366167,2.31301879580149
781,48.8399102388182,2.29022995123094
782,48.8593310363722,2.38702011031939
783,48.837808325011,2.29525013737843
784,48.859838849826,2.38860789346543
785,48.8653748400319,2.36029178412314
786,48.8390870809747,2.26521838056983
787,48.8411594334843,2.28082114184108
788,48.8908398362359,2.37660200872649
789,48.8712968206442,2.37230342784699
790,48.888052,2.390492
791,48.8225211829071,2.36736425178009
792,48.8743424286353,2.30245891869078
793,48.8539650890928,2.30839767343827
794,48.8663916183382,2.32640159404639
795,48.8571953797674,2.28323160901089
796,48.871802,2.340738
797,48.8877792251545,2.31157265592798
798,48.8531387926481,2.31750621547803
799,48.8707423825459,2.36849588460531
800,48.8298096945313,2.35417914734283
801,48.8910577506892,2.33155049519485
802,48.8468394150225,2.38367813401439
803,48.8542931589292,2.35975693670857
804,48.8680160112937,2.30268226132671
805,48.8500889306059,2.36585288941788
806,48.8883843191063,2.34784812276597
807,48.8840114955102,2.39156339406582
808,48.8690021488198,2.33341712496921
809,48.8338352624425,2.28973546515583
810,48.872545,2.324122
811,48.8248745837023,2.32367628647517
812,48.8480091442971,2.34723023323918
813,48.8796190020891,2.32722401439616
814,48.8812569904624,2.30662628502918
815,48.8740723749308,2.34019754067995
816,48.847997086621,2.27163955187514
817,48.8833505145531,2.31255187316
818,48.8636188060481,2.38874825256438
819,48.850326,2.390681
820,48.865512,2.386459
821,48.8529041629023,2.36119796086611
822,48.866113,2.327269
823,48.8220720162513,2.35627351951793
824,48.8685716211606,2.39967868565449
825,48.8901186715194,2.33288682364161
826,48.8991454136429,2.34074325607554
827,48.8495312843898,2.27154724337419
828,48.8547932259773,2.36808678624167
829,48.8867110275014,2.33294234513793
830,48.8424011261222,2.26555131078587
831,48.8426699280929,2.32991523567846
832,48.8790800497026,2.33702544496432
833,48.8805317519946,2.29632461081805
834,48.8955961790955,2.32643287027721
835,48.8882608328187,2.30272470275186
836,48.871855,2.282465
837,48.8578452287342,2.37701737777257
838,48.883136,2.290366
839,48.8391355773778,2.40050600522306
840,48.8950283307279,2.36377821336775
841,48.8684858428501,2.33980921288092
842,48.8988434457326,2.37438924796701
843,48.8746904647889,2.30629411783936
844,48.8657601376371,2.36068533090846
845,48.864706,2.332318
846,48.8811489797066,2.36801599837095
847,48.8292435213907,2.30871296298082
848,48.829690797543,2.35704891285956
849,48.8648371481264,2.33204106246917
850,48.888377,2.391712
851,48.8939690014131,2.33185168907905
852,48.8684204496564,2.36240925647197
853,48.8239386167247,2.30680710084751
854,48.8190342796293,2.32919430494392
855,48.8757896954615,2.31966047722503
856,48.8721510335889,2.36971441450988
857,48.8873036642753,2.30624238936003
858,48.8217393294115,2.36896354573302
859,48.8652868608936,2.30023849157519
860,48.8382908575655,2.35065905187328
861,48.856326,2.314805
862,48.854213,2.29766
863,48.8910641868992,2.38360175270462
864,48.845992,2.343361
865,48.856117,2.273024
866,48.8357978101127,2.3222036014127
867,48.8485186949204,2.39929983968717
868,48.8320693819772,2.34088054526215
869,48.8764281535621,2.35131124126086
870,48.8512199840279,2.3846172968228
871,48.8538681559712,2.37854628069341
872,48.862571,2.378081
873,48.8638641516458,2.3357049583879
874,48.8503917515411,2.30539859474381
875,48.87783,2.370489
876,48.8805214326357,2.31936851249007
877,48.852768,2.388868
878,48.8194112451411,2.37379172121578
879,48.843197,2.320329
880,48.8981072202884,2.33372608769477
881,48.8683324406677,2.37163103451844
882,48.858515,2.361558
883,48.8334305791314,2.35152260170959
884,48.874974416638,2.30446447481949
885,48.8919635758287,2.34994276886422
886,48.8489778639374,2.26527673348904
887,48.8333232313262,2.31715598155668
888,48.8229250161185,2.36208682800412
889,48.8934794045794,2.34018358407697
890,48.8663020502346,2.32528597958274
891,48.8453068980241,2.38352301842201
892,48.8951607924432,2.35274009093369
893,48.8523879664317,2.38197850851518
894,48.8241131359969,2.35289065867861
895,48.8847253376915,2.34491276662076
896,48.8665303125404,2.30497164576876
897,48.8641677989535,2.34208457558476
898,48.86651381238,2.38131788050263
899,48.845496,2.345754
900,48.8546188878555,2.28351149991974
901,48.8319587396858,2.33920380257322
902,48.8743019632492,2.31742601600242
903,48.8641363758766,2.33426839199291
904,48.8780934659742,2.3293312212877
905,48.8777966744901,2.33713502898441
906,48.8498105326855,2.39562823231373
907,48.836064550256,2.38465439235831
908,48.8527035800857,2.32485240062614
909,48.873218,2.311321
910,48.863817985641,2.36683188731551
911,48.8342380332864,2.39782534096157
912,48.8645147611389,2.36362650438105
913,48.8775234072827,2.40035884605263
914,48.853836,2.367542
915,48.8742927729001,2.31024018431626
916,48.8686314475347,2.36834916898232
917,48.841091038094,2.39428014393052
918,48.8374101235505,2.39167982111233
919,48.8535073987802,2.32553292568155
920,48.823257,2.365541
921,48.8405239129964,2.30499971499796
922,48.8812625919573,2.31233289731549
923,48.8434024433526,2.29323870416387
924,48.8758060642485,2.32271517305408
925,48.8439378015769,2.32258316163804
926,48.848618342361,2.29854472004986
927,48.855487,2.326727
928,48.8416259244361,2.26560664608708
929,48.853314,2.297266
930,48.8445262562644,2.30962337763506
931,48.8498267872321,2.36443441911095
932,48.8844404143246,2.36699223125732
933,48.8753514120949,2.31287273011041
934,48.8628829628465,2.33759181805456
935,48.8818425940805,2.32843191811861
936,48.8301596361043,2.31995978482659
937,48.876950160653,2.38536609846247
938,48.8641375230892,2.38128711455182
939,48.8419816441928,2.33620436803033
940,48.8789099217895,2.37136713592302
941,48.8818785927326,2.28523239819517
942,48.839468131854,2.3562118013312
943,48.848960426534,2.39298604801
944,48.8344244113472,2.29577573886588
945,48.8639007443825,2.38244825827861
946,48.8316593416011,2.38556381758412
947,48.843592908354,2.30643338307113
948,48.8479421629703,2.26514654544242
949,48.8889398588856,2.3544409423022
950,48.8311555407158,2.30538816844656
951,48.879421899396,2.36240665305807
952,48.8535299946083,2.35927181432402
953,48.8796950629484,2.38979270381999
954,48.8393436195459,2.25591027792247
955,48.8249327595223,2.37792836910487
956,48.8860274748006,2.39896872138884
957,48.8555058056491,2.36106391790216
958,48.8788842753569,2.38552758345663
959,48.8436391231705,2.31523952133368
960,48.8626100263562,2.27383223615854
961,48.8367763929306,2.37180705229892
962,48.8425853405935,2.31439151941118
963,48.82305604635,2.3242914785129
964,48.8555293530496,2.3868690060168
965,48.826238759212,2.37739778426189
966,48.8506539385849,2.278024740034
967,48.8376030820133,2.34644250247454
968,48.8734220943773,2.39104711440666
969,48.8820917001899,2.33445539238798
970,48.882927,2.33625
971,48.8382360849131,2.39996360530417
972,48.8824267794415,2.30109701283522
973,48.8307621248648,2.33433721927859
974,48.8798024438039,2.3329056583823
975,48.8414110948432,2.32957816828393
976,48.8297889487716,2.30529568956245
977,48.8861312217004,2.35929578374026
978,48.8441310589852,2.41442566121953
979,48.8487822104832,2.36825467132759
980,48.8573357312779,2.38555717562817
981,48.8861444379848,2.34403572022057
982,48.8246459150926,2.34134249001214
983,48.853071,2.388432
984,48.8732043779896,2.30139658474185
985,48.8795507268181,2.29355721814915
986,48.893721,2.326696
987,48.8451465509218,2.4026567139773
988,48.8600472130373,2.2730276589058
989,48.8673365175471,2.33468720943046
990,48.8452641778121,2.29789953917479
991,48.856606,2.382421
992,48.8523310692039,2.3417728528869
993,48.8630524756856,2.33933004010072
994,48.8537928137429,2.38805931434865
995,48.8536137900749,2.28776538449865
996,48.8507775748306,2.33556209481271
997,48.862432622006,2.40618244479952
998,48.8551840628693,2.33063139196826
999,48.8400666114592,2.39067294409648
1000,48.862458128858,2.38539778090832
1001,48.8849573956092,2.33754548359778
1002,48.8759560388957,2.34644191638211
1003,48.8342506922414,2.30638565011572
1004,48.8376993847751,2.40407018162677
1005,48.8587595152693,2.38348879287462
1006,48.8686347856153,2.34965083231697
1007,48.854242814021,2.2921775083619
1008,48.8600479147348,2.2854703495277
1009,48.851919175576,2.34320908696637
1010,48.8885933282346,2.33294241518468
1011,48.8272621745677,2.36707798123555
1012,48.8708214273501,2.37065539722835
1013,48.879008981974,2.3016439592187
1014,48.8494904126713,2.37753580549235
1015,48.851333,2.404281
1016,48.8372899583384,2.39791990304058
1017,48.875527,2.295945
1018,48.8408030080246,2.26814870949071
1019,48.880462,2.340219
1020,48.8447167898345,2.27186289195617
1021,48.8903203675767,2.32675712782802
1022,48.8541161219651,2.30746453515643
1023,48.8795527720545,2.40854162277349
1024,48.851294,2.308743
1025,48.8849217814858,2.35961280489064
1026,48.8830273600556,2.31036608964067
1027,48.8983310997412,2.38287002764605
1028,48.8482198056251,2.37596129689528
1029,48.8749541770629,2.30199438700312
1030,48.8291986924196,2.35354902884945
1031,48.8498743147631,2.37704013077732
1032,48.8439773556089,2.35524180924768
1033,48.8363307316281,2.38511433262642
1034,48.8805779686969,2.32528054127833
1035,48.8407299684144,2.35291525359781
1036,48.8934648451271,2.3255057024954
1037,48.848486184312,2.35472761519131
1038,48.8432665455502,2.40808654407434
1039,48.8683411430988,2.38395561654821
1040,48.8846894760591,2.34109765319292
1041,48.8561621822004,2.30448985830713
1042,48.872356,2.347942
1043,48.8690210123846,2.38297803095627
1044,48.8404872176688,2.3910974330202
1045,48.84197,2.30903
1046,48.8303811803405,2.34045413074588
1047,48.8385688413707,2.30504514984177
1048,48.8587029029883,2.38473377637869
1049,48.8943537489302,2.32976993234571
1050,48.8695308936204,2.36563251394299
1051,48.8396842418417,2.40232925416211
1052,48.8627562279147,2.35954044221228
1053,48.856635727595,2.36120211520275
1054,48.8925487389527,2.31932889900661
1055,48.8249304762898,2.37792265299678
1056,48.8469493518091,2.32137239926208
1057,48.8802026015168,2.3000507700722
1058,48.8263242811821,2.34417942828646
1059,48.864542,2.273342
1060,48.838609,2.294546
1061,48.8649535169904,2.33180537858328
1062,48.8806225728124,2.28880828737583
1063,48.831160517083,2.35761939143109
1064,48.8819360417812,2.36869817569866
1065,48.8721763282597,2.3715649461225
1066,48.8752052745021,2.39500869011655
1067,48.8599385353858,2.3030398034701
1068,48.8848687767015,2.28527136238369
1069,48.836575352502,2.25373407265527
1070,48.8708710762973,2.31338680360522
1071,48.8659430074936,2.30412136278763
1072,48.8657651690917,2.29287336112466
1073,48.8322937394984,2.3986721691068
1074,48.8508234532903,2.36236787397933
1075,48.8314273650832,2.32686949225194
1076,48.8731301886157,2.30724416266029
1077,48.8554417304863,2.27100543309047
1078,48.8479556772434,2.3805832551508
1079,48.8744583417586,2.36602264772914
1080,48.8524399167559,2.34463993497288
1081,48.8652153069752,2.40493796056255
1082,48.878532701223,2.33443509888645
1083,48.8679695086745,2.30455079737938
1084,48.8230624291881,2.35956357201445
1085,48.8775802898778,2.29327231137743
1086,48.8898089936446,2.38454158406166
1087,48.8345151010852,2.39651396523413
1088,48.8574204950223,2.36458169959935
1089,48.8419608241916,2.29828752007272
1090,48.874017,2.395166
1091,48.8346101158185,2.36067347868018
1092,48.8580404752285,2.37199865361495
1093,48.8510960948852,2.3481085585024
1094,48.8486822716687,2.28498555393985
1095,48.8517183872075,2.29360273044889
1096,48.870016,2.3336
1097,48.8475718833219,2.35095575311152
1098,48.8455038806414,2.40942267820764
1099,48.8359775503288,2.39425638954073
1100,48.8499606579125,2.31698984144988
1101,48.8368411518555,2.35600619611997
1102,48.8261887654979,2.36710350182454
1103,48.8587173004459,2.32126075916509
1104,48.8864072030066,2.3564875141021
1105,48.8663599498061,2.33495586854734
1106,48.8797448763891,2.28718207632478
1107,48.865276,2.33117
1108,48.8456697161004,2.37103641033766
1109,48.8654189888259,2.33090049811263
1110,48.8563904156457,2.3028086487781
1111,48.860162,2.29753
1112,48.873511231287,2.37057553335433
1113,48.8739813264069,2.40523098427684
1114,48.8657567849006,2.33023057416362
1115,48.8734715297208,2.37029627107832
1116,48.8516613567728,2.31171494822194
1117,48.8251536637322,2.30407276538535
1118,48.8556045266167,2.26217568821454
1119,48.8673443170197,2.30138912235663
1120,48.8379864817965,2.37047412902875
1121,48.8474346419379,2.38913429261894
1122,48.8542831220732,2.373440719256
1123,48.8245268886978,2.35806301513013
1124,48.8437658072181,2.27731066448564
1125,48.8387343067827,2.34566647075292
1126,48.8893479080172,2.31860650419503
1127,48.8856081456766,2.30801076463251
1128,48.8278044383825,2.3224650626425
1129,48.8620427820026,2.26991597007531
1130,48.8581146939458,2.3092926470814
1131,48.88024714542,2.35105109276178
1132,48.8355509073475,2.32583540857424
1133,48.859337,2.344496
1134,48.8404081852838,2.35053417456865
1135,48.8517645219704,2.33717875101314
1136,48.8471024802371,2.39576246721971
1137,48.864305329998,2.39113670691426
1138,48.8590334945214,2.38601394665681
1139,48.8358514502111,2.3381223479415
1140,48.8813458019533,2.39059777617783
1141,48.8308856674142,2.37783318550185
1142,48.8683463653664,2.3617418778483
1143,48.8515944829579,2.37885861744819
1144,48.8929686176495,2.37425736014467
1145,48.8711925601929,2.32003899283831
1146,48.889007,2.394143
1147,48.8463671752551,2.37003030327771
1148,48.8434440231784,2.34165049043904
1149,48.8494838817872,2.30410142053155
1150,48.833226253295,2.39880396442696
1151,48.8526080339224,2.30881897714405
1152,48.8668792576559,2.31010180368669
1153,48.8676654370913,2.30107201200298
1154,48.8264216055448,2.32365364379689
1155,48.8724401630618,2.34468691363618
1156,48.8733061268113,2.31786319396889
1157,48.8577858656943,2.30594241686754
1158,48.8618619169072,2.30231671893684
1159,48.8900210504932,2.32491318278669
1160,48.8701623114519,2.33201401110601
1161,48.8268531856779,2.34814620723319
1162,48.8554674112245,2.39013941969363
1163,48.8702789014122,2.38160117184272
1164,48.8540780146706,2.26550215154227
1165,48.8786280939797,2.31763490860297
1166,48.8228325022664,2.34057371202235
1167,48.8835972072624,2.33880011778369
1168,48.8721822290454,2.28560885764557
1169,48.8433888721129,2.3465118042174
1170,48.8501882135398,2.33183260605093
1171,48.8509368111092,2.3395622297908
1172,48.8705854105531,2.28955111322703
1173,48.8730737519217,2.33530818141464
1174,48.846893,2.346531
1175,48.8530712184266,2.31927132611005
1176,48.8486666474985,2.29401926352924
1177,48.8469231555712,2.36924089797839
1178,48.8388168993236,2.38930980213977
1179,48.8666995396931,2.32545406469029
1180,48.8886,2.335547
1181,48.8495484178918,2.35310179834455
1182,48.8562172072861,2.37089075150465
1183,48.8475948246583,2.40105272903249
1184,48.890395,2.37295
1185,48.8222851456577,2.3492415965014
1186,48.882837833356,2.35952842747796
1187,48.8842275621147,2.31473509365843
1188,48.891256,2.324573
1189,48.834249,2.385661
1190,48.8581467172726,2.33104336229096
1191,48.8517438080017,2.29595400624596
1192,48.865115,2.358278
1193,48.877080357113,2.36630492881703
1194,48.8337983593802,2.29769585157228
1195,48.8317975870629,2.34456324775821
1196,48.8240569159069,2.37041931780694
1197,48.8666396887283,2.32565032973325
1198,48.8313047973216,2.36934241925548
1199,48.8346174263151,2.31018349176182
1200,48.8388170472953,2.29911215477582
1201,48.8811575752416,2.28965633853335
1202,48.8949869812725,2.34329183194894
1203,48.8533481737125,2.39853772643652
1204,48.854522,2.328759
1205,48.8802180048003,2.29560104704704
1206,48.884070546758,2.29092085381913
1207,48.8644999701151,2.35319125948076
1208,48.842645,2.341393
1209,48.8637802813919,2.33440983225993
1210,48.8480287528664,2.32501164533675
1211,48.8413533336591,2.39124275118839
1212,48.8419098531966,2.33745660965894
1213,48.8491942737231,2.30373265217014
1214,48.851263,2.259468
1215,48.837283,2.253116
1216,48.8766058690471,2.30196525812676
1217,48.8610217936384,2.28365934494612
1218,48.8482273526374,2.40134629494395
1219,48.8293691520876,2.3680740021441
1220,48.856929,2.342962
1221,48.8419444793581,2.27901302806738
1222,48.8527565914436,2.38528067349798
1223,48.8466225788146,2.38176694887395
1224,48.8679233400612,2.39551724192227
1225,48.8579941852511,2.32935696489245
1226,48.8778738802785,2.3467690736585
1227,48.8583444071054,2.31778059907062
1228,48.8540327826501,2.40253987433503
1229,48.8449117984227,2.28623892506052
1230,48.8648455362247,2.38488454062285
1231,48.8415874498676,2.30789291848996
1232,48.8496445366312,2.29842675425616
1233,48.8729536734487,2.37447985827066
1234,48.8361730154358,2.29253635397626
1235,48.8263923809197,2.36004331465106
1236,48.8780822971192,2.38385477645207
1237,48.874916327334,2.28619471500579
1238,48.8503816323078,2.28699891676173
1239,48.8907577926499,2.34063852454796
1240,48.8840520741634,2.2895817586211
1241,48.8337516189956,2.33807879372669
1242,48.8410307159992,2.39868061210842
1243,48.8588907474075,2.31899764953448
1244,48.8853438864462,2.33423662660022
1245,48.8777203948073,2.30619321654039
1246,48.8312145162459,2.32131157592371
1247,48.833524695046,2.35650470801526
1248,48.868859,2.335641
1249,48.8824591354838,2.36692795118721
1250,48.8637811796253,2.33441011890564
1251,48.8479372515043,2.36778842044724
1252,48.8690078523899,2.39532856369304
1253,48.8720289816746,2.29076039300151
1254,48.8501896851572,2.33175268416426
1255,48.8648504574092,2.30650574401893
1256,48.8696467252966,2.29392310367389
1257,48.8512866421713,2.36966581400983
1258,48.866894752247,2.36324986588051
1259,48.8691276264848,2.29754535724208
1260,48.870808,2.391635
1261,48.8756416568767,2.31860809142736
1262,48.892284,2.381346
1263,48.8928801095649,2.33907504876125
1264,48.8358342511433,2.34996196687341
1265,48.8602031396323,2.35301057574087
1266,48.8590853427595,2.35378410992007
1267,48.8348691127148,2.32674173037592
1268,48.8597980375381,2.3077291948331
1269,48.8719360716079,2.38279118086923
1270,48.8329261511686,2.29195956660585
1271,48.8490071662023,2.41315966897041
1272,48.8690557376315,2.30444248246755
1273,48.8840171408417,2.36127414887459
1274,48.8448937603112,2.34256355852744
1275,48.8651048153851,2.35820680773919
1276,48.8484012077379,2.31867382591093
1277,48.8700285003817,2.34074013918897
1278,48.8751708644056,2.29013063744974
1279,48.875159,2.290005
1280,48.8407626245992,2.3366911305372
1281,48.870362,2.34917
1282,48.850621,2.398535
1283,48.8503135006227,2.37733413447767
1284,48.8746516571624,2.37271761946144
1285,48.8265822696503,2.33466454913967
1286,48.8730214232524,2.41029614186131
1287,48.8382100861454,2.35847665505086
1288,48.838713450249,2.35184229066279
1289,48.8902753109267,2.35451141554032
1290,48.874565241169,2.39299501594389
1291,48.8443372610145,2.30816869842157
1292,48.8677713696814,2.35970369572906
1293,48.8365574274091,2.39501419334232
1294,48.8454435371956,2.328351378672
1295,48.8963181159689,2.3844111737194
1296,48.8246549710368,2.33968471766833
1297,48.8392486167964,2.35925192621808
1298,48.8319455393753,2.35282472278158
1299,48.8485174666711,2.37864537861757
1300,48.8337456362979,2.31479404135173
1301,48.841212604158,2.3526545906101
1302,48.8725697780326,2.31449280320946
1303,48.8784302075051,2.31243220587684
1304,48.8403119937711,2.31069444004544
1305,48.8505934148343,2.29555902752635
1306,48.8356074053238,2.37226324351514
1307,48.8472412915233,2.37767906328321
1308,48.8488036196079,2.3473755391384
1309,48.8439527027008,2.35172099040564
1310,48.891095005093,2.37391434712487
1311,48.8459351477911,2.3196280609329
1312,48.8467517306646,2.35143834336077
1313,48.8858765186606,2.3141496449522
1314,48.8206903765808,2.36108938642792
1315,48.8592965341244,2.30340439905533
1316,48.8552245242043,2.30713440563195
1317,48.8774158870907,2.29422171427518
1318,48.8718714374449,2.31416308596991
1319,48.8591307543919,2.30071474126648
1320,48.8511334484652,2.27244413195469
1321,48.8684784589506,2.3671378331846
1322,48.8608711469382,2.28610887209733
1323,48.8663674934782,2.29099494032462
1324,48.8506462230584,2.38145386801195
1325,48.8302432172563,2.37031915013057
1326,48.8667759293285,2.3927072266128
1327,48.837811449106,2.39429809868698
1328,48.8499890409988,2.40242430563509
1329,48.8779003726025,2.31833648070703
1330,48.8457538191669,2.39498093842502
1331,48.8326347646098,2.38666105257757
1332,48.8586679508178,2.3733683464054
1333,48.8442281006603,2.28134266255716
1334,48.8716220898761,2.39568510010747
1335,48.8886766523482,2.37313814525122
1336,48.8710749671144,2.36281180870485
1337,48.8619088800935,2.3115223470053
1338,48.8609981767149,2.30551494219015
1339,48.817887,2.359368
1340,48.853385,2.298466
1341,48.861157,2.301412
1342,48.8780242968124,2.30991682189042
1343,48.8564975537375,2.36066127805433
1344,48.8519425360688,2.39929683899577
1345,48.881947,2.339252
1346,48.8857197412253,2.28914430591429
1347,48.8760461791251,2.32110992371803
1348,48.8532786169725,2.31324608889555
1349,48.8757890940914,2.34769717974172
1350,48.8507623999325,2.33079249551873
1351,48.8433564697572,2.27513437218569
1352,48.84683619342,2.26850115113561
1353,48.8811461141207,2.32435017692193
1354,48.8940818451584,2.38376562792559
1355,48.8526107225409,2.34224366321045
1356,48.8834191660085,2.32518559668977
1357,48.8857949283797,2.39459102343771
1358,48.894207688598,2.37751773703746
1359,48.8607993191929,2.31487837379922
1360,48.860705084386,2.32008383894043
1361,48.8653526841585,2.39495819499876
1362,48.8895993210413,2.38267950810716
1363,48.8711255574779,2.32173960421331
1364,48.851715383158,2.34881745785191
1365,48.8675264593753,2.30610715291056
1366,48.858824945289,2.31526316424491
1367,48.8286508003223,2.30819988689381
1368,48.8488978044284,2.35498845630933
1369,48.8528642332714,2.36004458743402
1370,48.8902174654852,2.36251945951701
1371,48.824093,2.31638
1372,48.858292,2.298115
1373,48.862120559019,2.39936449657797
1374,48.8703196727703,2.3372430217668
1375,48.852584,2.299705
1376,48.839340245243,2.26240274014345
1377,48.8739181134429,2.28778969658785
1378,48.8461998877592,2.37563024916877
1379,48.8447145591962,2.34520426798424
1380,48.8447556081975,2.40778432736499
1381,48.8421181380486,2.3516500831002
1382,48.866975,2.409993
1383,48.8741352693302,2.37616015452285
1384,48.847776714829,2.32419883582375
1385,48.850641403996,2.38145376617712
1386,48.8583853552746,2.34727668476657
1387,48.8564654323995,2.32418369919436
1388,48.839305,2.305068
1389,48.846529,2.344311
1390,48.851045,2.311642
1391,48.8675392716439,2.29952778113072
1392,48.878768864078,2.33159807846849
1393,48.8423974812116,2.40096797390789
1394,48.8337609532622,2.29893393457668
1395,48.8280080885439,2.32168097710159
1396,48.8751959189849,2.30911004906912
1397,48.8751488161757,2.33796066889861
1398,48.8765846436349,2.3452306632299
1399,48.8722971806502,2.39302341928913
1400,48.8463405539246,2.34903181327336
1401,48.8386482056595,2.31336360078758
1402,48.8711279230864,2.40092002153956
1403,48.856027,2.29301
1404,48.8471946547282,2.40341080324857
1405,48.8541954795107,2.39021782417919
1406,48.8280004866292,2.38053761810723
1407,48.8452324248618,2.40016466420367
1408,48.8473506524881,2.3967318373371
1409,48.869131695983,2.27176589710151
1410,48.888796,2.335516
1411,48.880801,2.313277
1412,48.8807953593111,2.31324303591175
1413,48.8412140943684,2.26385934863907
1414,48.8777457039865,2.40527641985143
1415,48.8544681259044,2.34269816387793
1416,48.885348171933,2.3405448073224
1417,48.8269792868397,2.37462795596044
1418,48.8953912234726,2.35002391910003
1419,48.8741090477768,2.29973004258984
1420,48.883695005031,2.36443739695555
1421,48.8469632485264,2.38149755970228
1422,48.8788991208238,2.32959930059511
1423,48.8688364255217,2.40840625294957
1424,48.8798882049211,2.37208484425028
1425,48.879516,2.318446
1426,48.8481414257687,2.33078150281289
1427,48.8849741973681,2.32079907317458
1428,48.8482718180421,2.34934824074741
1429,48.8555926462287,2.33361627357092
1430,48.8591831462087,2.31810293288128
1431,48.8295030966127,2.37923766405091
1432,48.8615487573431,2.38474449617897
1433,48.8913354332367,2.34720108189819
1434,48.8600665833376,2.30964652227425
1435,48.8528560318506,2.38623393874652
1436,48.8814504862492,2.34478451914265
1437,48.8452427568445,2.40004357585228
1438,48.878793457826,2.29403466211203
1439,48.8569857020644,2.37124164456507
1440,48.8495956493217,2.35193732254602
1441,48.8847825721518,2.37371734872724
1442,48.8287142902851,2.3221207001632
1443,48.8285152937442,2.30312992432582
1444,48.8862012813042,2.30728760883792
1445,48.8656845164222,2.33727805278484
1446,48.869040660009,2.32085534654736
1447,48.8558842238025,2.30749623856394
1448,48.842415,2.31045
1449,48.8342923476374,2.32631159723101
1450,48.8462654357504,2.3323755143424
1451,48.8973507523041,2.32772529415491
1452,48.8379627275649,2.3040666644206
1453,48.8758618126928,2.41110039614787
1454,48.8931931850611,2.31983971774175
1455,48.854043,2.362236
1456,48.8885337343296,2.33993824687519
1457,48.8936518101068,2.34610748623651
1458,48.8321819695989,2.39723542140875
1459,48.8501687674554,2.36868175392337
1460,48.8317853896361,2.32184946279535
1461,48.8836429681936,2.28209033633439
1462,48.8327479147164,2.35115029118133
1463,48.8739548178143,2.34240611740523
1464,48.8408993019432,2.40495623722474
1465,48.8940775602782,2.34911740681169
1466,48.8596820983836,2.38069209503712
1467,48.8991517419277,2.3372484803517
1468,48.8762732162195,2.37225370726977
1469,48.85736,2.369876
1470,48.8610937932087,2.38283440837403
1471,48.8573374624925,2.32903451040781
1472,48.8507217433395,2.31411244098528
1473,48.8827531732886,2.37753251821576
1474,48.8477251108252,2.32958365024832
1475,48.8736336818969,2.30644111041875
1476,48.82214,2.363303
1477,48.8488601741775,2.40284983569923
1478,48.8794043379435,2.32536233342473
1479,48.8802382037439,2.39436585902198
1480,48.8913311821026,2.36227143984213
1481,48.862585199684,2.40330934617685
1482,48.8643538981227,2.28227458402765
1483,48.8829734652035,2.3880481680542
1484,48.8349518242721,2.35483625810832
1485,48.8461686596693,2.31413919929649
1486,48.8734453048361,2.32373614165571
1487,48.8415850330759,2.39022384824284
1488,48.8481263759746,2.40248376480149
1489,48.879025871109,2.28753646172647
1490,48.8817876791792,2.32242126033113
1491,48.8359333511569,2.39976869896221
1492,48.85802,2.403205
1493,48.8334230823695,2.31555913737352
1494,48.8850044560406,2.35274276456811
1495,48.8744536509095,2.37365846681714
1496,48.8837013622859,2.34344740374373
1497,48.8989910114629,2.3298404291276
1498,48.8765664036582,2.34045249516887
1499,48.8492676790208,2.33175672455625
1500,48.8724199215916,2.32652844689526
1501,48.8712907558328,2.36242150997836
1502,48.8286361941449,2.29579222176695
1503,48.88942,2.326304
1504,48.8768442913697,2.41158918321777
1505,48.8534732242172,2.39242708766937
1506,48.8815417846947,2.29248713339045
1507,48.8302854667504,2.37027523778198
1508,48.8808753610314,2.31778634533886
1509,48.865374081112,2.38944735623993
1510,48.8738181881205,2.35070125001415
1511,48.8330760680617,2.38753844950501
1512,48.8570635554211,2.32756721441191
1513,48.873414984534,2.34794630951526
1514,48.8849999187457,2.29569204218188
1515,48.8392908565597,2.30816748242855
1516,48.8590493671713,2.27829342719262
1517,48.8470839100734,2.27900000996994
1518,48.8922548581456,2.38517093847027
1519,48.880550348018,2.39954812055034
1520,48.8402686010664,2.35263736973501
1521,48.839850853705,2.34697668066631
1522,48.8647505624984,2.34037440227109
1523,48.830547,2.335886
1524,48.87812,2.345802
1525,48.8422726755597,2.3526463566263
1526,48.8461175702503,2.29901321544444
1527,48.8608427630589,2.34243602750369
1528,48.874165550522,2.33692811868973
1529,48.8402116159584,2.40243150275817
1530,48.8405173307685,2.30869060329867
1531,48.8497144007266,2.32677279962807
1532,48.838471211103,2.31166129862683
1533,48.891687,2.333446
1534,48.871756,2.371787
1535,48.8413140844016,2.27698912467353
1536,48.867434,2.32632
1537,48.8478341176574,2.30585987543771
1538,48.854746,2.295207
1539,48.8957542226603,2.32367171896202
1540,48.8416872709046,2.25917877931466
1541,48.8371627354643,2.38995832409217
1542,48.8894175023886,2.33367862845198
1543,48.8765907552345,2.31586168773482
1544,48.8491038873169,2.35001493602947
1545,48.888185,2.351511
1546,48.8358690289868,2.28984163944062
1547,48.8381856413318,2.27326436338695
1548,48.834706454215,2.38615851936094
1549,48.884798760295,2.39893371178357
1550,48.8720545749347,2.31247363505446
1551,48.8889709593427,2.34349638008948
1552,48.884987,2.290999
1553,48.8676173308731,2.32571078608569
1554,48.852332,2.372134
1555,48.8570705964723,2.34187653188087
1556,48.8211046341051,2.34648376265904
1557,48.8284600789611,2.34305876193545
1558,48.8648830337042,2.3708289818518
1559,48.8554965608381,2.33678209565526
1560,48.8644334674677,2.38940773513794
1561,48.8886955786583,2.34211469066108
1562,48.8274714794286,2.33555404776901
1563,48.8702090750948,2.29658363727131
1564,48.8355885886385,2.36165206266247
1565,48.8957914347065,2.32478219988629
1566,48.8506303036577,2.29907294313695
1567,48.8354239266718,2.30221786140779
1568,48.879621171615,2.29135559409481
1569,48.848773,2.302112
1570,48.869172,2.363364
1571,48.8697089944465,2.36922482187228
1572,48.8304549439969,2.33664899721464
1573,48.8569552859896,2.28444726968498
1574,48.844906,2.346639
1575,48.8907134249282,2.32628377943964
1576,48.8488329619628,2.36518758295383
1577,48.8270398088287,2.3819337070776
1578,48.878731,2.345531
1579,48.8564104245758,2.33147542478867
1580,48.8631331390082,2.36423149381181
1581,48.8782043070941,2.35572732487953
1582,48.8489663763925,2.34011454931517
1583,48.8536560979666,2.35815781411555
1584,48.8698347777467,2.41063383180082
1585,48.8256337414941,2.31142821023629
1586,48.8680339030842,2.40201784927861
1587,48.8905538066911,2.33750980221405
1588,48.8821188841979,2.33662375555711
1589,48.8939360299519,2.31772651033922
1590,48.8981191482925,2.32532417754009
1591,48.8732050038156,2.38263555331723
1592,48.8804805135876,2.32716726061904
1593,48.8842415793967,2.34577518460606
1594,48.8580001148507,2.38569223801067
1595,48.8985891847704,2.33798655628246
1596,48.8316094423505,2.32912875956281
1597,48.8918014388793,2.31873246820638
1598,48.87347,2.320157
1599,48.8493350929007,2.3383954403948
1600,48.8739676574453,2.41304386215671
1601,48.8476195066673,2.31962421280216
1602,48.8940357120147,2.3646694219598
1603,48.875469,2.383112
1604,48.8300726914106,2.35095891985858
1605,48.848569,2.275756
1606,48.8721950406015,2.32206029325323
1607,48.8795559385415,2.34188230339624
1608,48.8818258756865,2.30552250553177
1609,48.893176,2.337671
1610,48.8541823931914,2.2757178826256
1611,48.8694486492656,2.393293476151
1612,48.886647986979,2.34528415585233
1613,48.8740090684632,2.33806080995516
1614,48.845301833412,2.26069413309335
1615,48.8244015947701,2.36794531475319
1616,48.8907166830371,2.36323474691087
1617,48.876880487918,2.33506282307275
1618,48.868013,2.324477
1619,48.882926,2.331759
1620,48.8200330848208,2.36152233203954
1621,48.8417309576841,2.38950145927952
1622,48.869489839295,2.31318843455969
1623,48.8520132192724,2.39773856962119
1624,48.882997,2.334694
1625,48.8648509698833,2.34042998614236
1626,48.8641176892354,2.29049293652747
1627,48.8472883453354,2.35276102047815
1628,48.8275833587573,2.37703955008932
1629,48.8595851824934,2.35406255678687
1630,48.8357286295932,2.35989280938635
1631,48.8650023164743,2.30338099514822
1632,48.8849868772095,2.315596749264
1633,48.887034,2.32288
1634,48.836068,2.348551
1635,48.872436,2.384371
1636,48.886350726062,2.32063568009486
1637,48.8517772886516,2.31905620670251
1638,48.889664612117,2.35345822745958
1639,48.8877083685877,2.30620658026976
1640,48.8386058463429,2.35723785347097
1641,48.8498887485943,2.36151190402226
1642,48.875418,2.296746
1643,48.8736670877003,2.36503959464725
1644,48.8824668757762,2.30557021101895
1645,48.8275682092307,2.34834839272186
1646,48.8825193177047,2.36427733535042
1647,48.8369469901009,2.38333838388021
1648,48.8598863981582,2.35461427941908
1649,48.8519162237861,2.38930372200841
1650,48.8631429980733,2.40248885589578
1651,48.8412336548185,2.25748956914349
1652,48.8665952520644,2.38714570768434
1653,48.888337531683,2.33197442690076
1654,48.8728154426096,2.39624876977054
1655,48.8767845926698,2.38295688055962
1656,48.8992439333466,2.33938474713123
1657,48.8578143948624,2.263675555571
1658,48.8441381297268,2.25704262717688
1659,48.8516539915212,2.28525682427199
1660,48.8422482391254,2.27770994627453
1661,48.8617481235524,2.36139778653833
1662,48.8557834285364,2.40736384116105
1663,48.8863057869542,2.36268222014753
1664,48.8716390006343,2.38121991631456
1665,48.8520504899716,2.39373859538982
1666,48.883802073998,2.37426901952863
1667,48.8254016563794,2.34307942621646
1668,48.8844577090444,2.378853215833
1669,48.8465039756905,2.32743355419795
1670,48.8493073383514,2.34575016135129
1671,48.897221000326,2.32415598280835
1672,48.8894570695878,2.32003281624662
1673,48.8416179305326,2.28216960661235
1674,48.8862997582965,2.32253744757707
1675,48.8444234927983,2.32991131891778
1676,48.857845,2.300311
1677,48.8794255981185,2.30486328013428
1678,48.879425,2.304852
1679,48.8752039985945,2.37326842734314
1680,48.8761794313402,2.33454507099475
1681,48.8722552968246,2.39769026543598
1682,48.8327475670392,2.34464601652193
1683,48.8739644680676,2.32450818503541
1684,48.884476789423,2.31122242249002
1685,48.8388921899511,2.27627031723905
1686,48.8485356228292,2.33170218335749
1687,48.8453848913481,2.35214464186201
1688,48.8687432679398,2.30165311316228
1689,48.8628761773286,2.40027613409054
1690,48.876259,2.28795
1691,48.853732,2.296787
1692,48.8663924133076,2.28624313099052
1693,48.8712805770045,2.28899214112966
1694,48.84965,2.3506
1695,48.8828271084489,2.37599452210954
1696,48.8802149600424,2.34364087098485
1697,48.8314121005099,2.34777817763135
1698,48.8845100872038,2.38741740982789
1699,48.8371331099515,2.3837308317979
1700,48.8693533853136,2.39664856613138
1701,48.8889694174045,2.35166069246534
1702,48.881199,2.379093
1703,48.865420921032,2.34277014020267
1704,48.868914015251,2.40554057672452
1705,48.8740150262313,2.3623965152869
1706,48.8668529369134,2.3956954016727
1707,48.8765676587664,2.31797362701652
1708,48.8439440883854,2.28858376984671
1709,48.8278729468793,2.29943970260026
1710,48.849816,2.313181
1711,48.8572720389227,2.30437668857244
1712,48.85165,2.291751
1713,48.8369492369205,2.30912457331886
1714,48.8583980873583,2.35919761831893
1715,48.8889390253516,2.36247364632412
1716,48.8766885725592,2.39191690935557
1717,48.8259990310877,2.32250178882447
1718,48.846286,2.283002
1719,48.8273703242109,2.33663702247055
1720,48.8415793962172,2.27984113688876
1721,48.831447,2.366402
1722,48.878662,2.322365
1723,48.8385743542925,2.35112676281801
1724,48.8432983776002,2.34247911269526
1725,48.8298436902723,2.31300955959166
1726,48.8525020237626,2.37915933149253
1727,48.8569683951768,2.36805208809423
1728,48.881711,2.318959
1729,48.8496020216943,2.31528616002309
1730,48.8727579298544,2.36647398923789
1731,48.8374386905539,2.34722219492122
1732,48.8946920404903,2.36709865649268
1733,48.855144,2.33682
1734,48.8966907413743,2.32525729586251
1735,48.85660392429,2.40914947377749
1736,48.8494453174393,2.28988292848229
1737,48.8770532324284,2.28576439970795
1738,48.87447215864,2.3049718723894
1739,48.8747938484966,2.36585133694459
1740,48.8479317445506,2.39766390498432
1741,48.8748456163468,2.28440877092929
1742,48.856747,2.300028
1743,48.8270378337724,2.30096886029885
1744,48.8338559366847,2.40660340707075
1745,48.865557669495,2.3101544462232
1746,48.844034,2.354778
1747,48.8950890796831,2.32112440254757
1748,48.8942019191916,2.32243436524522
1749,48.8655618994048,2.29577683952602
1750,48.8587269507854,2.31994181185165
1751,48.8334785655728,2.32599373958029
1752,48.8607983124247,2.36012206320329
1753,48.8458518572356,2.34485129775338
1754,48.8551988240637,2.36282305831215
1755,48.866052373904,2.3420475982268
1756,48.8676180023888,2.33508774311167
1757,48.8564154775931,2.38333462145231
1758,48.8881069844743,2.34343576549097
1759,48.8900385943864,2.38355243481712
1760,48.8404614208023,2.28778477819352
1761,48.8712866122709,2.41062454355266
1762,48.877302,2.354541
1763,48.8182702575722,2.36340937396861
1764,48.843088,2.323998
1765,48.86409216855,2.37374005479872
1766,48.872297379814,2.39302000428802
1767,48.8258534895202,2.37598058168485
1768,48.8584534299346,2.38720211973312
1769,48.8901566010357,2.34212697981598
1770,48.8454722873295,2.37717068281649
1771,48.852444,2.367247
1772,48.8469953160605,2.31863934649821
1773,48.8867167050969,2.34674516493816
1774,48.8706805247904,2.36048253453422
1775,48.871007,2.379031
1776,48.8914060327382,2.31734416481275
1777,48.8740154971402,2.34725404317634
1778,48.850351686229,2.38725830217712
1779,48.8578659408067,2.36625352728878
1780,48.8483160749972,2.35085714124869
1781,48.8730458908584,2.34671299798738
1782,48.8671907811383,2.35671313516048
1783,48.8648293765661,2.38294070008602
1784,48.8481395243236,2.37177048381815
1785,48.8529357882137,2.2625020440776
1786,48.8650664735903,2.34077417157826
1787,48.8748417892719,2.30848321563825
1788,48.8397173671536,2.3092075778008
1789,48.8902685939301,2.35338056557938
1790,48.8695405134848,2.34229362724565
1791,48.8277274006586,2.30038903200234
1792,48.8347067578879,2.40094409326941
1793,48.8570574536188,2.30998112096892
1794,48.8294640097807,2.34967700759176
1795,48.873752070547,2.32674440196458
1796,48.83392,2.388992
1797,48.8346433935557,2.38783226057932
1798,48.8436611352053,2.26330370151972
1799,48.8524946745538,2.33316470779511
1800,48.8366009715066,2.30487605078182
1801,48.8319709531027,2.34983399022325
1802,48.871569,2.392149
1803,48.8551561849057,2.40151345123107
1804,48.8538158535676,2.33835116405823
1805,48.849277,2.313786
1806,48.8752939527564,2.29851908827873
1807,48.8875367423007,2.30417757296789
1808,48.8922114203598,2.37522305255756
1809,48.8432392336394,2.35275777629818
1810,48.8474282825624,2.34842887332371
1811,48.8803786049601,2.3166275516697
1812,48.8427057796676,2.34277690609423
1813,48.8470505479181,2.29847771490181
1814,48.8825340901856,2.36261727343835
1815,48.8254579866419,2.36737319584521
1816,48.8918521184953,2.36338114502157
1817,48.889436672364,2.37018263821141
1818,48.8769329318112,2.33438506602225
1819,48.8470087910687,2.31235230661146
1820,48.8636591559856,2.27978398980752
1821,48.8592887478097,2.35791452823694
1822,48.8587447908575,2.32495311425805
1823,48.8611149808325,2.35803735032566
1824,48.8312338607403,2.31981131833092
1825,48.8275778657562,2.37704619711759
1826,48.838706332183,2.30883328544858
1827,48.8889177482689,2.32794414493678
1828,48.8676758448319,2.35663985843483
1829,48.8759871677506,2.37038796580379
1830,48.869517507212,2.29850283841157
1831,48.8764972318586,2.37790064916745
1832,48.8432200761396,2.39115960094587
1833,48.8827554674559,2.37187051253157
1834,48.8752387876751,2.33486979156494
1835,48.8949485508997,2.34064125861108
1836,48.8922931275883,2.33362900434026
1837,48.8342808966113,2.38732356547986
1838,48.8811198389397,2.33605832319013
1839,48.8606640884213,2.2769223696593
1840,48.873764,2.281827
1841,48.852892,2.298295
1842,48.824735,2.319808
1843,48.8528979407819,2.39303214756717
1844,48.87038,2.365682
1845,48.8707411097467,2.36151236583252
1846,48.8331707446654,2.30390716736794
1847,48.8405639728572,2.34520350737353
1848,48.860058117066,2.27806031690141
1849,48.8812136623796,2.34931467142228
1850,48.8804290107188,2.39572652816093
1851,48.8428820614688,2.2799280022779
1852,48.8595100203671,2.3576175624238
1853,48.8941557045105,2.35321497084131
1854,48.8686855911905,2.29118693047081
1855,48.8256548682452,2.33547583191978
1856,48.8382597692834,2.35613843059117
1857,48.8489730451791,2.28735387524773
1858,48.8464107848676,2.33085452283883
1859,48.8834354542462,2.33007383808556
1860,48.8718495183534,2.30600379544468
1861,48.8530718094038,2.33238678960463
1862,48.8567922452845,2.35632786492449
1863,48.844700154434,2.35225285698863
1864,48.8699673274605,2.34256232514872
1865,48.8909382264637,2.34529193944623
1866,48.853475,2.340052
1867,48.8250694819388,2.32654528178048
1868,48.832674,2.389462
1869,48.8250897679619,2.33602868238051
1870,48.8856533846929,2.30992599686835
1871,48.8760344395471,2.37224727834073
1872,48.8596821664307,2.37170412294839
1873,48.8872236680345,2.37558444329321
1874,48.8852359115736,2.30146569478197
1875,48.8770440225121,2.35160149504334
1876,48.8364662454165,2.30996635084613
1877,48.8617463181907,2.3587582283012
1878,48.8733651100386,2.39595441777172
1879,48.8589854432375,2.36880608531724
1880,48.8432509579721,2.28128670266646
1881,48.853462,2.2972
1882,48.8682085886922,2.2958115115379
1883,48.8298359245677,2.34868773424097
1884,48.844245788283,2.40221832878579
1885,48.840708,2.407214
1886,48.8396801666436,2.33769567656971
1887,48.8834858636408,2.29313399981487
1888,48.8769062353563,2.33357281796415
1889,48.8759076754749,2.28780783205746
1890,48.8429189275851,2.25641547801604
1891,48.8517709170106,2.31592184852961
1892,48.8239620371511,2.35048207714048
1893,48.854550303473,2.33690616730969
1894,48.896392201349,2.37590099905395
1895,48.8296093768103,2.33109384395489
1896,48.8829492477129,2.29809133981433
1897,48.8623884506556,2.37359239034334
1898,48.8352636563694,2.25546137838452
1899,48.8632976565492,2.28513735113364
1900,48.8662121475735,2.39008209225982
1901,48.89162,2.299885
1902,48.8822143947782,2.31168217233276
1903,48.8834440143808,2.37109371565086
1904,48.8814202851674,2.37430957913845
1905,48.8802573960883,2.28570260057198
1906,48.852846,2.411757
1907,48.8699204185789,2.30000011427475
1908,48.866044,2.339009
1909,48.867543219043,2.34480251116442
1910,48.8798113710075,2.32102575627576
1911,48.864633,2.36428
1912,48.8881322593804,2.39802912840339
1913,48.852253,2.366691
1914,48.878809429053,2.39809745853736
1915,48.8795243860258,2.33951507707249
1916,48.8351228734115,2.30336385842738
1917,48.8441346448747,2.34585910537677
1918,48.8662143317451,2.34070102443362
1919,48.8536181729488,2.4095750519966
1920,48.8502444074684,2.29724677103076
1921,48.8639613159757,2.35214840596199
1922,48.8659267206175,2.39840761091303
1923,48.8525448083208,2.2873670427336
1924,48.8204328285837,2.35419271723676
1925,48.8651658003335,2.36192427509797
1926,48.8704720085425,2.32677877262111
1927,48.8656267091633,2.34020130558273
1928,48.8799769427796,2.34759007293446
1929,48.8425324885197,2.34367718812335
1930,48.8488062583373,2.40433411767554
1931,48.8677542382128,2.33458340491715
1932,48.8596541107894,2.37333196641683
1933,48.85940429415,2.40435036884616
1934,48.8736805549388,2.33634684015908
1935,48.8407934360148,2.34522361955596
1936,48.88567,2.3544
1937,48.8278593896293,2.36674464758057
1938,48.8501728614996,2.34613744620552
1939,48.8816561620665,2.29962120438902
1940,48.827224,2.356858
1941,48.8489721825371,2.31139747121441
1942,48.8545456212394,2.35536251220253
1943,48.8700001837217,2.39594479624396
1944,48.8602618259615,2.38638845409835
1945,48.8319251132302,2.30425804045669
1946,48.871717,2.298666
1947,48.8328331046843,2.30713037237941
1948,48.8472362156206,2.32645985539787
1949,48.874557,2.297159
1950,48.8403355880908,2.36866226550513
1951,48.8834257774783,2.30745951632513
1952,48.8813607426278,2.3283969840662
1953,48.8332820858787,2.34134498622278
1954,48.8494322224346,2.3796837216925
1955,48.8316248169645,2.29691575555931
1956,48.882762,2.303249
1957,48.8548829449511,2.27297395452178
1958,48.8565863624822,2.38566549816514
1959,48.8869104846928,2.36099651191447
1960,48.8637777890114,2.3812950604985
1961,48.852154,2.299446
1962,48.829579292325,2.359649367906
1963,48.871745,2.28082
1964,48.868422,2.30891
1965,48.8216824283425,2.34305701637253
1966,48.8313616319334,2.34888304299241
1967,48.8355749668093,2.28630476341843
1968,48.8795804054408,2.39941724001405
1969,48.8727386208845,2.40386963334689
1970,48.849071,2.374644
1971,48.8773213408144,2.36958941036875
1972,48.863039,2.37628
1973,48.8402536282537,2.2779826860777
1974,48.8958146116744,2.34665155053398
1975,48.8950515481863,2.35955690971438
1976,48.8906767292925,2.32115518148224
1977,48.8346440102685,2.38783236047287
1978,48.8972597302085,2.34422055438053
1979,48.8535508229206,2.33926898878175
1980,48.8700447612204,2.30158526269387
1981,48.872001,2.295029
1982,48.8465221683113,2.39993661370921
1983,48.8206463628087,2.32158010484607
1984,48.8470124077981,2.27436133326781
1985,48.8530094913057,2.4006978821858
1986,48.8426302481325,2.3003471635244
1987,48.8258540777832,2.35375788499487
1988,48.889740877264,2.32866306368631
1989,48.8387800400245,2.38833249986228
1990,48.8858267849241,2.38685728901577
1991,48.8377296380176,2.38268192771614
1992,48.8484944614944,2.32445286885803
1993,48.884504,2.305898
1994,48.843414,2.323705
1995,48.8822556996159,2.29595364826283
1996,48.878775,2.301834
1997,48.8787752442803,2.30183321574279
1998,48.8594313905758,2.32313234835894
1999,48.8774371285051,2.37037635189019
2000,48.8814586459758,2.39663343941211
2001,48.8884753689307,2.36754288338466
2002,48.8927881583651,2.32656611224524
2003,48.8513620997262,2.35045320759066
2004,48.830783,2.3485
2005,48.8239237090131,2.35160346197963
2006,48.868579081241,2.35562505423804
2007,48.8432385640465,2.33147829232963
2008,48.845892,2.382234
2009,48.8455877042935,2.39665639518744
2010,48.8496446339369,2.30825915968877
2011,48.86649,2.315669
2012,48.8833493833091,2.34171092383341
2013,48.8318755796509,2.35653422984449
2014,48.8498647503007,2.34433534964278
2015,48.8505191887247,2.33403990642521
2016,48.8430099238878,2.31930590554589
2017,48.8792011870237,2.35236582953753
2018,48.828289,2.31693
2019,48.8814700687356,2.30171720303607
2020,48.8866319760322,2.29116275888077
2021,48.885470032037,2.33328044489659
2022,48.8570927122644,2.36606333268136
2023,48.8775283936228,2.3484260695489
2024,48.8526067690534,2.32952479072678
2025,48.8584027021962,2.28481350054482
2026,48.8708982135098,2.3374432604066
2027,48.85732,2.355433
2028,48.875254255207,2.31852288081338
2029,48.8709478119757,2.28385676967073
2030,48.8405281373051,2.400287332301
2031,48.882387776436,2.31388077070063
2032,48.8648500623524,2.29915602267481
2033,48.85741,2.354107
2034,48.835813,2.351537
2035,48.849501508721,2.31918910311489
2036,48.8324074842901,2.3462065518109
2037,48.839915,2.254799
2038,48.8226034905181,2.32406487253959
2039,48.8691463918272,2.4029853167185
2040,48.8892393879439,2.3322547448859
2041,48.8709652837536,2.29798840727882
2042,48.8894360761443,2.34063572487159
2043,48.8409709402654,2.32894065333492
2044,48.8804155213649,2.31752354921856
2045,48.837231733421,2.35518562289234
2046,48.8550779061674,2.30824907075902
2047,48.8472397062035,2.31493222167386
2048,48.8834483522066,2.30436582872397
2049,48.8503734965766,2.3186801665993
2050,48.8853289206322,2.34463644551545
2051,48.8615317502032,2.37593770662555
2052,48.8501492661818,2.37632347588763
2053,48.8450646413594,2.36967587945762
2054,48.8768741609554,2.28982439697352
2055,48.8351313693952,2.40514035073575
2056,48.891655,2.327052
2057,48.8727209880354,2.28013895022623
2058,48.864423,2.274996
2059,48.8402244093063,2.34626907774713
2060,48.8815083358066,2.38719833177236
2061,48.8795166026607,2.31452971116061
2062,48.8744524867564,2.38146173490581
2063,48.872561,2.407444
2064,48.851588,2.300127
2065,48.8361762215086,2.40279019312327
2066,48.838998,2.322465
2067,48.8639568577481,2.27710884387698
2068,48.8537855339564,2.27759355924866
2069,48.8881126555965,2.37737362214883
2070,48.8716681092871,2.36468435378956
2071,48.8926307803599,2.3355981164005
2072,48.835565,2.318338
2073,48.8280570908764,2.29830283884448
2074,48.8238955256056,2.36176864374689
2075,48.8763797029686,2.37571985093206
2076,48.825085669524,2.36246888121492
2077,48.8653049221962,2.28511515292878
2078,48.8283473082384,2.37309425170282
2079,48.838667,2.322591
2080,48.8283015577418,2.31943739476301
2081,48.8421557685491,2.30058785582887
2082,48.8457138115553,2.28808666291692
2083,48.845474426495,2.35021355149902
2084,48.8245350134814,2.36335092040324
2085,48.8915289762352,2.33087131853286
2086,48.8954524046994,2.35961872672495
2087,48.8251582758919,2.35768490634123
2088,48.8399910542226,2.2852431358346
2089,48.884165,2.330425
2090,48.8321342599376,2.30313939849452
2091,48.8945142053959,2.31967446810022
2092,48.892625,2.378407
2093,48.845109,2.389264
2094,48.8687263399167,2.338407659446
2095,48.8872306808885,2.31944863492886
2096,48.8598296326857,2.30908215798754
2097,48.8497193540326,2.34499709851416
2098,48.849442,2.374118
2099,48.8822993968622,2.39621155569101
2100,48.834070425206,2.36513507064928
2101,48.8416969296991,2.26262247281524
2102,48.8944897786692,2.37402711805728
2103,48.882424,2.345559
2104,48.8662285135661,2.40356505698831
2105,48.828607701657,2.3329442491685
2106,48.8828039256495,2.33971105932331
2107,48.8910097524493,2.3516273536951
2108,48.8334118387985,2.2945959294709
2109,48.8330442097727,2.34704673320269
2110,48.885798161572,2.38789588380578
2111,48.8376511854096,2.39739675393791
2112,48.8971845276751,2.34212449075811
2113,48.8962231205119,2.33899349310402
2114,48.8372095288083,2.27711808328406
2115,48.8348709025332,2.34214193645293
2116,48.8809487521273,2.32115067762179
2117,48.8438109506579,2.25929716084704
2118,48.8645798087701,2.36448164110461
2119,48.85262201626,2.3293612584669
2120,48.8883218479545,2.34983255729044
2121,48.8337291401101,2.32168154322347
2122,48.8427110296243,2.3317967419211
2123,48.8492722693833,2.3447787947607
2124,48.8473167191961,2.3983834419858
2125,48.8513894644049,2.26520278618523
2126,48.8673773388089,2.27044413613812
2127,48.826264895045,2.33837730564337
2128,48.8424475365286,2.3363284913641
2129,48.8785136552047,2.39590683423747
2130,48.8590612620071,2.37028787151368
2131,48.8722711418405,2.3385209600032
2132,48.853998,2.365791
2133,48.8226442607291,2.34674945791498
2134,48.8316212594851,2.3543232401204
2135,48.85003,2.343791
2136,48.8952391860394,2.32733635057549
2137,48.8466996739293,2.3793003992003
2138,48.8957938910098,2.38167827781448
2139,48.8592062063491,2.34506376800232
2140,48.8458008426933,2.32454492925755
2141,48.8883165719324,2.3172231857184
2142,48.8750824192298,2.34160044336753
2143,48.8933538603065,2.31726385071772
2144,48.8370499434505,2.33740075645504
2145,48.8409127616663,2.26227047228845
2146,48.8795237349611,2.34825422577676
2147,48.8799829016899,2.32050581804697
2148,48.8486010665051,2.37710209323049
2149,48.8744831691044,2.31168431489529
2150,48.8664100607396,2.29368577636803
2151,48.8773168683316,2.38933812891061
2152,48.8585954426326,2.34375794380336
2153,48.842164,2.291953
2154,48.8538772230557,2.35833431120813
2155,48.830533,2.314006
2156,48.8243921483983,2.37537215076389
2157,48.8398746695049,2.39027519870652
2158,48.8604181044941,2.38313241551411
2159,48.8491082368776,2.29275821188519
2160,48.8594641399297,2.27604613375611
2161,48.876294437536,2.38773128147319
2162,48.900575,2.32084
2163,48.8383254204024,2.37148871570875
2164,48.899334881409,2.3659905169589
2165,48.8443582322841,2.34541475405368
2166,48.8268212190608,2.35084060360913
2167,48.8772753527927,2.34512138587124
2168,48.8631679382692,2.33863955287974
2169,48.8290707404876,2.30664998962439
2170,48.8428027974924,2.32783456968739
2171,48.8846846122192,2.38010048293235
2172,48.879126,2.364828
2173,48.8376541639148,2.3097031411873
2174,48.8423755394083,2.28695058398498
2175,48.8924726669295,2.30412214398715
2176,48.8668298272215,2.27668432388463
2177,48.8732374914902,2.32246196259982
2178,48.8493361139391,2.29451742611927
2179,48.8348461400299,2.28396827404532
2180,48.851591,2.300125
2181,48.8464215221502,2.4061497929952
2182,48.8843056389999,2.30936552140212
2183,48.8750279206364,2.32297121667547
2184,48.8831256963266,2.39473936190448
2185,48.8783434090063,2.29982232652491
2186,48.878357,2.299873
2187,48.821063,2.319718
2188,48.8270371800596,2.37073842626617
2189,48.8387326722222,2.3809582783807
2190,48.887318177506,2.33689389221083
2191,48.8842367412781,2.30309052005463
2192,48.8591927194533,2.32389621104698
2193,48.8885724976988,2.3203312411784
2194,48.8876177004335,2.32031544155033
2195,48.865349,2.376188
2196,48.8739643642394,2.38233633673081
2197,48.8831057773994,2.2963900027183
2198,48.830022,2.34719
2199,48.8539164667094,2.39994333331628
2200,48.8530437944499,2.33703256315153
2201,48.8367598970739,2.31863179954517
2202,48.8692581249122,2.40044613941989
2203,48.8666965255999,2.28974617766126
2204,48.8317606482127,2.31781283909593
2205,48.8548584339473,2.30553292211356
2206,48.8455681874702,2.31185481733741
2207,48.8570315449093,2.37848321246971
2208,48.8801138628826,2.31560889605846
2209,48.891731,2.32194
2210,48.888289386656,2.31902232188867
2211,48.8486162644362,2.32049739151004
2212,48.8689625628009,2.37675360572705
2213,48.8388374852212,2.27825276973469
2214,48.844110652106,2.33307616690297
2215,48.840715372825,2.39918343643143
2216,48.8477793848611,2.32325893800521
2217,48.8307870925098,2.31910678055295
2218,48.879195,2.315456
2219,48.8871045178525,2.31399137808169
2220,48.8548790713256,2.30959546963127
2221,48.8411332477578,2.34397935302987
2222,48.8958494834752,2.32965518433251
2223,48.8394768162412,2.28397683713725
2224,48.8934005361267,2.3768336951207
2225,48.8865306565244,2.30139841819395
2226,48.8965012392635,2.34179024937494
2227,48.877042,2.321758
2228,48.833251,2.405408
2229,48.872956,2.291516
2230,48.8700206954846,2.31201487307227
2231,48.8376782033409,2.34944524675122
2232,48.8435335372187,2.32798520286012
2233,48.8726938057506,2.37604464312602
2234,48.8984068942981,2.36667922223908
2235,48.8918707250397,2.32629106468528
2236,48.8197937477456,2.35003325468957
2237,48.8266188768846,2.38197769190407
2238,48.891855037857,2.30561612977483
2239,48.8414446031893,2.31552221804154
2240,48.8590073118947,2.38109405899897
2241,48.8525587204695,2.38014074714347
2242,48.8664616227259,2.29655623978778
2243,48.866878185154,2.34033096815614
2244,48.8851435488849,2.37622756395911
2245,48.8715151733353,2.36326589882439
2246,48.857657,2.354363
2247,48.8894622665516,2.39889488554885
2248,48.8668655814641,2.30246553548742
2249,48.8549972582541,2.26579884575707
2250,48.818433,2.358524
2251,48.8271755370218,2.36172026340379
2252,48.832710154847,2.31435236271382
2253,48.828696768835,2.38199248890909
2254,48.849032416142,2.37634696513927
2255,48.8435918972762,2.30979502516714
2256,48.8830290980943,2.33834890890471
2257,48.8331315495022,2.40429608987948
2258,48.8442227794598,2.25573086370695
2259,48.877521291429,2.30816376099417
2260,48.8717397948819,2.34590106242346
2261,48.8640498626544,2.3801348617947
2262,48.8468390997897,2.34289107018186
2263,48.862567,2.372505
2264,48.8336028473777,2.36375450293662
2265,48.8382086544504,2.27837047726197
2266,48.8311732191206,2.30669798784289
2267,48.8553113139206,2.39152292400739
2268,48.834361,2.4117
2269,48.8935253481591,2.34487747919319
2270,48.8827273302634,2.34674720731583
2271,48.8808163305897,2.31693790198241
2272,48.8762744052181,2.37225669477394
2273,48.8408507267848,2.25839159392265
2274,48.8843549783736,2.30119976053182
2275,48.8462048286573,2.28520503561587
2276,48.8347111245426,2.33765306124729
2277,48.847038660409,2.40786358104451
2278,48.8895871260371,2.36799531611297
2279,48.861568931019,2.31947963746108
2280,48.8928128870152,2.34256039667776
2281,48.8833674935825,2.29910476152921
2282,48.8878504286509,2.31827991037149
2283,48.8696041209075,2.37818186087504
2284,48.8267567027187,2.33207351816626
2285,48.8919955402326,2.34703858977131
2286,48.8611092052735,2.38130214776227
2287,48.8415290184328,2.34961305229954
2288,48.8382573303754,2.34169920077642
2289,48.8565711567876,2.32073528233734
2290,48.844128,2.285508
2291,48.8779127858437,2.37417303995677
2292,48.895809748627,2.34183624782693
2293,48.857410035828,2.39953282585365
2294,48.8792507139545,2.38834448579145
2295,48.8516347265496,2.40713026884203
2296,48.8638835896871,2.37082520294975
2297,48.8843816819486,2.29918351672366
2298,48.87457832116,2.35548110882465
2299,48.8364753393634,2.28031489866336
2300,48.8413786551486,2.3330061616491
2301,48.8290094975273,2.36060585667205
2302,48.879355,2.377518
2303,48.879601,2.383725
2304,48.870157,2.306943
2305,48.862471,2.284929
2306,48.8435597058034,2.29778504108911
2307,48.8614488728091,2.39919490170252
2308,48.8538087949684,2.39659532033004
2309,48.8632419478907,2.40545089368407
2310,48.85891799087,2.39108415259815
2311,48.8540178748777,2.40702646742643
2312,48.8603872712109,2.4068609804689
2313,48.8572111785732,2.39345505899648
2314,48.8363870843409,2.31198499021977
2315,48.8260725255571,2.34119786730978
2316,48.8408342625,2.30596627815439
2317,48.8468919793362,2.30537460660041
2318,48.8611107051917,2.41282026666409
2319,48.8611285492417,2.3884580777711
2320,48.84734,2.416076
2321,48.8583094149532,2.41461101269192
2322,48.8454082831636,2.31060572058171
2323,48.8488853841018,2.40576073450342
2324,48.8538701128715,2.39626621867143
2325,48.8560679181573,2.40075871940016
2326,48.8586671143642,2.38950946599271
2327,48.8551198389932,2.36524441137387
2328,48.8291173489569,2.30258586752198
2329,48.863571,2.403815
2330,48.8201414181785,2.3398937843152
2331,48.884026844763,2.39820224393802
2332,48.856318,2.292748
2333,48.8856311419057,2.31695802146904
2334,48.8557745683751,2.36476715775817
2335,48.852032,2.365901
2336,48.8538495227673,2.35712969896597
2337,48.8251276620707,2.34949808267439
2338,48.8471904824589,2.33253991483734
2339,48.8562471454134,2.36503396130934
2340,48.8464031305103,2.28065262733095
2341,48.846366,2.41543
2342,48.8559397794902,2.36649948097569
2343,48.8532943844295,2.35948902390687
2344,48.8507212281752,2.36724641657529
2345,48.8184370132599,2.37050951076721
2346,48.8774601047664,2.3811263852095
2347,48.8757979397397,2.40083627629409
2348,48.8561216576126,2.3658426895174
2349,48.8431710789496,2.2646978268216
2350,48.8839065068062,2.31195489560971
2351,48.8518352351677,2.3677534833773
2352,48.8829006404671,2.32394375065399
2353,48.8524699740936,2.34069575413914
2354,48.8518368686343,2.36316330386406
2355,48.8432316413104,2.32656884472092
2356,48.844678165602,2.32945451376873
2357,48.8815501246948,2.31881354596789
2358,48.8577067537427,2.33564807511157
2359,48.8825403196132,2.32217337617862
2360,48.8793998163203,2.38474991138824
2361,48.8416258004071,2.31385839979912
2362,48.8522372068381,2.33162579738145
2363,48.850404,2.319593
2364,48.8550093724395,2.36588993720128
2365,48.8245962123114,2.34662791254483
2366,48.8997629978082,2.37220338315758
2367,48.8547363557088,2.35493002251975
2368,48.8553026477401,2.36458797048417
2369,48.8853726268679,2.38453970167505
2370,48.8832334064518,2.31940175929412
2371,48.8815823269042,2.36180110110511
2372,48.8690568284211,2.36441789864469
2373,48.880751313081,2.38806819429768
2374,48.8789035736734,2.40121367624853
2375,48.8497222500339,2.29613651873117
2376,48.842867,2.366293
2377,48.880102,2.354031
2378,48.87571,2.326314
2379,48.864685,2.337675
2380,48.863634,2.32672
2381,48.8467,2.336403
2382,48.859552,2.289186
2383,48.861962,2.292249
2384,48.844075,2.359438
2385,48.817848,2.351493
2386,48.870792,2.383264
2387,48.87131,2.385688
2388,48.83689,2.380745
2389,48.881803,2.398495
2390,48.85571,2.283582
2391,48.844464,2.268502
2392,48.831213,2.271895
2393,48.860639,2.394173
2394,48.844539,2.377025
2395,48.845487,2.372276
2396,48.87838,2.370175
2397,48.869566,2.323329
2398,48.8461987236469,2.3084815606812
2399,48.850544,2.312363
2400,48.8902736081636,2.35450416334216
2401,48.827917,2.360235
2402,48.879403,2.308894
2403,48.890417,2.314481
2404,48.897815,2.316692
2405,48.887615,2.330157
2406,48.837967,2.327042
2407,48.831447,2.300012
2408,48.822186,2.338145
2409,48.818533,2.35518
2410,48.818625,2.350186
2411,48.860703,2.337066
2412,48.86194,2.33262
2413,48.840983,2.274954
2414,48.857593,2.295659
2415,48.854367,2.300562
2416,48.8849433384433,2.35698412300855
2417,48.8606720873615,2.28218399870492
2418,48.84136,2.325297
2419,48.886395353402,2.3431517184576
2420,48.842874,2.326272
2421,48.822607,2.334997
2422,48.8425050555951,2.2894643872344
2423,48.8428538508063,2.29662724352939
2424,48.8210733678916,2.37851831259741
2425,48.866639,2.323598
2426,48.859708,2.384849
2427,48.84222,2.296929
2428,48.833993,2.389846
2429,48.861608,2.288977
2430,48.8536003782237,2.35782957323869
2431,48.8669449848143,2.36167039955586
2432,48.891029,2.388748
2433,48.891856,2.391977
2434,48.860454717446,2.29873633361866
2435,48.85086,2.325518
2436,48.8356531590162,2.29952769407164
2437,48.8509933615665,2.30120655348201
2438,48.842575,2.312948
2439,48.8652472371168,2.27501525767856
2440,48.8489282035505,2.30275353444649
2441,48.8527434530438,2.29067607212177
2442,48.8501925101989,2.28858106450805
2443,48.8612531738074,2.31156909528822
2444,48.8615861676209,2.26775295456418
2445,48.8455114939162,2.25271538790405
